# 3ds Max Wavefront OBJ Exporter v0.97b - (c)2007 guruware
# File Created: 03.07.2016 20:30:43

mtllib Helmet and goggles.mtl

#
# object goggles
#

v  0.6349 -0.5139 -0.5552
v  0.7099 -0.5911 -0.4822
v  0.7499 -0.5972 -0.5278
v  0.6699 -0.5222 -0.6043
v  0.7763 -0.6344 -0.4019
v  0.8241 -0.6397 -0.4394
v  0.8312 -0.6565 -0.3137
v  0.8846 -0.6613 -0.3427
v  0.8737 -0.6410 -0.2194
v  0.9313 -0.6457 -0.2386
v  0.9072 -0.5354 -0.1196
v  0.9672 -0.5392 -0.1289
v  0.9198 -0.4803 -0.0123
v  0.9806 -0.4836 -0.0123
v  0.9072 -0.5354 0.0949
v  0.9672 -0.5392 0.1042
v  0.8737 -0.6410 0.1947
v  0.9313 -0.6457 0.2139
v  0.8312 -0.6565 0.2890
v  0.8846 -0.6613 0.3181
v  0.7763 -0.6344 0.3773
v  0.8232 -0.6402 0.4158
v  0.7099 -0.5911 0.4575
v  0.7502 -0.5981 0.5028
v  0.6349 -0.5139 0.5305
v  0.6699 -0.5222 0.5797
v  0.6391 -0.4406 0.5408
v  0.6743 -0.4486 0.5900
v  0.6437 -0.3597 0.5523
v  0.6795 -0.3676 0.6010
v  0.6492 -0.2645 0.5657
v  0.6870 -0.2710 0.6131
v  0.7291 -0.2564 0.4991
v  0.7719 -0.2662 0.5414
v  0.7987 -0.2460 0.4176
v  0.8491 -0.2541 0.4510
v  0.8550 -0.2450 0.3222
v  0.9093 -0.2538 0.3486
v  0.8967 -0.2438 0.2166
v  0.9548 -0.2521 0.2335
v  0.9218 -0.2524 0.1037
v  0.9816 -0.2606 0.1125
v  0.9301 -0.2584 -0.0123
v  0.9905 -0.2668 -0.0123
v  0.9218 -0.2524 -0.1284
v  0.9816 -0.2606 -0.1371
v  0.8967 -0.2438 -0.2413
v  0.9548 -0.2521 -0.2582
v  0.8550 -0.2450 -0.3468
v  0.9093 -0.2538 -0.3732
v  0.7987 -0.2460 -0.4423
v  0.8491 -0.2541 -0.4756
v  0.7291 -0.2564 -0.5237
v  0.7719 -0.2662 -0.5661
v  0.6492 -0.2645 -0.5903
v  0.6870 -0.2710 -0.6378
v  0.6437 -0.3597 -0.5769
v  0.6794 -0.3677 -0.6257
v  0.6391 -0.4406 -0.5655
v  0.6741 -0.4485 -0.6148
v  0.7708 -0.7073 -0.6319
v  0.7284 -0.6979 -0.5806
v  0.6223 -0.5834 -0.6670
v  0.6550 -0.5934 -0.7245
v  0.8731 -0.7677 -0.5292
v  0.8219 -0.7591 -0.4855
v  0.9614 -0.7980 -0.4082
v  0.9024 -0.7904 -0.3742
v  1.0307 -0.7726 -0.2700
v  0.9656 -0.7658 -0.2476
v  1.0759 -0.6379 -0.1337
v  1.0076 -0.6316 -0.1231
v  1.0896 -0.5736 -0.0123
v  1.0204 -0.5674 -0.0123
v  1.0759 -0.6379 0.1091
v  1.0076 -0.6316 0.0985
v  1.0307 -0.7726 0.2453
v  0.9656 -0.7658 0.2230
v  0.9614 -0.7980 0.3836
v  0.9024 -0.7904 0.3496
v  0.8731 -0.7677 0.5045
v  0.8219 -0.7591 0.4609
v  0.7708 -0.7073 0.6072
v  0.7284 -0.6979 0.5559
v  0.6550 -0.5934 0.6999
v  0.6223 -0.5834 0.6424
v  0.6478 -0.2232 -0.7268
v  0.7689 -0.2040 -0.6463
v  0.8122 -0.2140 -0.7036
v  0.6807 -0.2337 -0.7896
v  0.8619 -0.1892 -0.5507
v  0.9136 -0.1983 -0.6003
v  0.9380 -0.1868 -0.4331
v  0.9971 -0.1948 -0.4725
v  0.9947 -0.1843 -0.2997
v  1.0593 -0.1913 -0.3269
v  1.0284 -0.1951 -0.1555
v  1.0965 -0.2015 -0.1692
v  1.0390 -0.2029 -0.0123
v  1.1082 -0.2090 -0.0123
v  1.0284 -0.1951 0.1309
v  1.0965 -0.2015 0.1446
v  0.9947 -0.1843 0.2750
v  1.0593 -0.1913 0.3023
v  0.9380 -0.1868 0.4084
v  0.9971 -0.1948 0.4478
v  0.8619 -0.1892 0.5260
v  0.9136 -0.1983 0.5756
v  0.7689 -0.2040 0.6217
v  0.8122 -0.2140 0.6790
v  0.6478 -0.2231 0.7022
v  0.6807 -0.2337 0.7650
v  0.6264 -0.4757 -0.6867
v  0.6588 -0.4859 -0.7459
v  0.6326 -0.3673 -0.7055
v  0.6650 -0.3777 -0.7664
v  0.6588 -0.4859 0.7212
v  0.6264 -0.4757 0.6620
v  0.6650 -0.3777 0.7417
v  0.6326 -0.3673 0.6809
v  0.7331 -0.5791 -0.6982
v  0.8296 -0.6746 -0.6062
v  0.7776 -0.7089 -0.6405
v  0.6602 -0.5951 -0.7342
v  0.9160 -0.7273 -0.5057
v  0.8815 -0.7691 -0.5365
v  0.9880 -0.7535 -0.3948
v  0.9710 -0.7993 -0.4140
v  1.0440 -0.7326 -0.2762
v  1.0414 -0.7738 -0.2738
v  1.0869 -0.6063 -0.1500
v  1.0872 -0.6389 -0.1355
v  1.1030 -0.5401 -0.0123
v  1.1010 -0.5746 -0.0123
v  1.0869 -0.6063 0.1254
v  1.0872 -0.6389 0.1109
v  1.0440 -0.7326 0.2515
v  1.0414 -0.7738 0.2491
v  0.9880 -0.7535 0.3701
v  0.9710 -0.7993 0.3893
v  0.9160 -0.7273 0.4810
v  0.8815 -0.7691 0.5119
v  0.8296 -0.6746 0.5815
v  0.7776 -0.7089 0.6159
v  0.7331 -0.5791 0.6735
v  0.6602 -0.5951 0.7095
v  0.7384 -0.4872 0.6901
v  0.6640 -0.4876 0.7312
v  0.7441 -0.3857 0.7084
v  0.6701 -0.3794 0.7519
v  0.7509 -0.2662 0.7300
v  0.6860 -0.2356 0.7756
v  0.8536 -0.2542 0.6487
v  0.8192 -0.2157 0.6886
v  0.9440 -0.2390 0.5464
v  0.9220 -0.1998 0.5840
v  1.0179 -0.2357 0.4241
v  1.0067 -0.1962 0.4545
v  1.0730 -0.2324 0.2872
v  1.0699 -0.1925 0.3069
v  1.1063 -0.2419 0.1397
v  1.1077 -0.2026 0.1469
v  1.1174 -0.2491 -0.0123
v  1.1196 -0.2100 -0.0123
v  1.1063 -0.2419 -0.1643
v  1.1077 -0.2026 -0.1715
v  1.0730 -0.2324 -0.3119
v  1.0699 -0.1925 -0.3315
v  1.0179 -0.2357 -0.4488
v  1.0067 -0.1962 -0.4791
v  0.9440 -0.2390 -0.5711
v  0.9220 -0.1998 -0.6087
v  0.8536 -0.2542 -0.6733
v  0.8192 -0.2157 -0.7133
v  0.7509 -0.2662 -0.7547
v  0.6860 -0.2356 -0.8002
v  0.7441 -0.3857 -0.7331
v  0.6701 -0.3794 -0.7766
v  0.7384 -0.4872 -0.7148
v  0.6640 -0.4876 -0.7559
v  0.7104 -0.6821 -0.5460
v  0.6147 -0.5731 -0.6273
v  0.6362 -0.5788 -0.6611
v  0.7373 -0.6875 -0.5760
v  0.7953 -0.7418 -0.4567
v  0.8272 -0.7468 -0.4822
v  0.8674 -0.7724 -0.3550
v  0.9035 -0.7769 -0.3749
v  0.9240 -0.7500 -0.2425
v  0.9635 -0.7541 -0.2561
v  0.9650 -0.6172 -0.1275
v  1.0064 -0.6210 -0.1343
v  0.9792 -0.5502 -0.0123
v  1.0212 -0.5539 -0.0123
v  0.9650 -0.6172 0.1028
v  1.0064 -0.6210 0.1096
v  0.9240 -0.7500 0.2179
v  0.9635 -0.7541 0.2314
v  0.8674 -0.7724 0.3303
v  0.9035 -0.7769 0.3503
v  0.7953 -0.7418 0.4320
v  0.8272 -0.7468 0.4575
v  0.7104 -0.6821 0.5213
v  0.7373 -0.6875 0.5513
v  0.6147 -0.5731 0.6027
v  0.6362 -0.5788 0.6364
v  0.6368 -0.2261 -0.6824
v  0.7431 -0.2115 -0.6090
v  0.7702 -0.2172 -0.6425
v  0.6583 -0.2322 -0.7192
v  0.8299 -0.1973 -0.5190
v  0.8619 -0.2026 -0.5480
v  0.9011 -0.1955 -0.4087
v  0.9373 -0.2002 -0.4317
v  0.9542 -0.1935 -0.2840
v  0.9935 -0.1977 -0.2999
v  0.9860 -0.2047 -0.1491
v  1.0273 -0.2086 -0.1572
v  0.9963 -0.2126 -0.0123
v  1.0383 -0.2163 -0.0123
v  0.9860 -0.2047 0.1244
v  1.0273 -0.2086 0.1325
v  0.9542 -0.1935 0.2593
v  0.9935 -0.1977 0.2753
v  0.9011 -0.1955 0.3840
v  0.9373 -0.2002 0.4071
v  0.8299 -0.1973 0.4943
v  0.8619 -0.2026 0.5233
v  0.7431 -0.2115 0.5843
v  0.7702 -0.2172 0.6179
v  0.6368 -0.2261 0.6577
v  0.6584 -0.2322 0.6945
v  0.6197 -0.4702 -0.6445
v  0.6411 -0.4760 -0.6792
v  0.6258 -0.3621 -0.6621
v  0.6473 -0.3680 -0.6977
v  0.6197 -0.4702 0.6198
v  0.6411 -0.4760 0.6545
v  0.6258 -0.3621 0.6374
v  0.6473 -0.3680 0.6731
v  0.5703 -0.5699 -0.5857
v  0.6014 -0.5777 -0.6330
v  0.7019 -0.6925 -0.5504
v  0.6630 -0.6850 -0.5084
v  0.7903 -0.7541 -0.4599
v  0.7443 -0.7472 -0.4243
v  0.8662 -0.7858 -0.3543
v  0.8141 -0.7795 -0.3268
v  0.9260 -0.7617 -0.2345
v  0.8691 -0.7560 -0.2164
v  0.9661 -0.6278 -0.1169
v  0.9066 -0.6223 -0.1084
v  0.9784 -0.5637 -0.0123
v  0.9183 -0.5583 -0.0123
v  0.9661 -0.6278 0.0923
v  0.9066 -0.6223 0.0837
v  0.9260 -0.7617 0.2099
v  0.8691 -0.7560 0.1918
v  0.8662 -0.7858 0.3297
v  0.8141 -0.7795 0.3021
v  0.7903 -0.7541 0.4352
v  0.7443 -0.7472 0.3997
v  0.7019 -0.6925 0.5257
v  0.6630 -0.6850 0.4837
v  0.6014 -0.5777 0.6084
v  0.5703 -0.5699 0.5610
v  0.7021 -0.1903 -0.5657
v  0.7419 -0.1982 -0.6126
v  0.6268 -0.2171 -0.6897
v  0.5953 -0.2088 -0.6380
v  0.7835 -0.1766 -0.4811
v  0.8299 -0.1839 -0.5215
v  0.8497 -0.1755 -0.3779
v  0.9019 -0.1821 -0.4099
v  0.8988 -0.1741 -0.2617
v  0.9553 -0.1801 -0.2837
v  0.9279 -0.1858 -0.1365
v  0.9871 -0.1913 -0.1475
v  0.9369 -0.1938 -0.0123
v  0.9971 -0.1991 -0.0123
v  0.9279 -0.1858 0.1118
v  0.9871 -0.1913 0.1229
v  0.8988 -0.1741 0.2370
v  0.9553 -0.1801 0.2591
v  0.8497 -0.1755 0.3533
v  0.9019 -0.1821 0.3853
v  0.7835 -0.1766 0.4564
v  0.8299 -0.1839 0.4968
v  0.7021 -0.1903 0.5411
v  0.7419 -0.1982 0.5880
v  0.5953 -0.2088 0.6134
v  0.6268 -0.2171 0.6651
v  0.5746 -0.4619 -0.6030
v  0.6056 -0.4699 -0.6517
v  0.5808 -0.3532 -0.6195
v  0.6118 -0.3614 -0.6696
v  0.6056 -0.4699 0.6271
v  0.5746 -0.4619 0.5783
v  0.6118 -0.3614 0.6449
v  0.5808 -0.3532 0.5948
v  0.7270 -0.5774 -0.6888
v  0.8221 -0.6731 -0.5979
v  0.9072 -0.7259 -0.4987
v  0.9781 -0.7522 -0.3893
v  1.0333 -0.7315 -0.2724
v  1.0757 -0.6053 -0.1480
v  1.0916 -0.5391 -0.0123
v  1.0757 -0.6053 0.1234
v  1.0333 -0.7315 0.2477
v  0.9781 -0.7522 0.3646
v  0.9072 -0.7259 0.4740
v  0.8221 -0.6731 0.5733
v  0.7270 -0.5774 0.6642
v  0.7322 -0.4855 0.6805
v  0.7380 -0.3839 0.6986
v  0.7448 -0.2644 0.7199
v  0.8461 -0.2525 0.6395
v  0.9352 -0.2375 0.5385
v  1.0080 -0.2344 0.4179
v  1.0622 -0.2312 0.2829
v  1.0951 -0.2409 0.1375
v  1.1059 -0.2480 -0.0123
v  1.0951 -0.2409 -0.1621
v  1.0622 -0.2312 -0.3075
v  1.0080 -0.2344 -0.4425
v  0.9352 -0.2375 -0.5632
v  0.8461 -0.2525 -0.6641
v  0.7448 -0.2644 -0.7446
v  0.7380 -0.3839 -0.7233
v  0.7322 -0.4855 -0.7052
v  0.6589 -0.6706 -0.4902
v  0.5738 -0.5620 -0.5642
v  0.7344 -0.7306 -0.4095
v  0.7981 -0.7618 -0.3186
v  0.8484 -0.7403 -0.2190
v  0.8860 -0.6082 -0.1166
v  0.8994 -0.5408 -0.0123
v  0.8860 -0.6082 0.0920
v  0.8484 -0.7403 0.1943
v  0.7981 -0.7618 0.2939
v  0.7344 -0.7306 0.3849
v  0.6589 -0.6706 0.4655
v  0.5738 -0.5620 0.5395
v  0.5790 -0.4597 0.5548
v  0.5852 -0.3515 0.5705
v  0.5952 -0.2168 0.5888
v  0.6900 -0.2033 0.5222
v  0.7679 -0.1899 0.4407
v  0.8316 -0.1891 0.3417
v  0.8789 -0.1879 0.2302
v  0.9071 -0.1997 0.1099
v  0.9162 -0.2078 -0.0123
v  0.9071 -0.1997 -0.1346
v  0.8789 -0.1879 -0.2549
v  0.8316 -0.1891 -0.3664
v  0.7679 -0.1899 -0.4654
v  0.6900 -0.2033 -0.5468
v  0.5952 -0.2168 -0.6135
v  0.5852 -0.3515 -0.5952
v  0.5790 -0.4597 -0.5794
v  0.9903 -0.6037 -0.1372
v  0.9495 -0.7326 -0.2514
v  0.9049 -0.6021 -0.1264
v  0.8657 -0.7337 -0.2304
v  1.0057 -0.5360 -0.0123
v  0.9198 -0.5328 -0.0123
v  0.9903 -0.6037 0.1126
v  0.9049 -0.6021 0.1018
v  0.9495 -0.7326 0.2267
v  0.8657 -0.7337 0.2057
v  0.8972 -0.7532 0.3339
v  0.8163 -0.7541 0.3031
v  0.8302 -0.7249 0.4340
v  0.7532 -0.7240 0.3940
v  0.7499 -0.6692 0.5246
v  0.6777 -0.6653 0.4759
v  0.6603 -0.5693 0.6073
v  0.5935 -0.5612 0.5505
v  0.6657 -0.4741 0.6228
v  0.5992 -0.4627 0.5651
v  0.6717 -0.3690 0.6399
v  0.6054 -0.3540 0.5812
v  0.6788 -0.2452 0.6601
v  0.6127 -0.2261 0.6002
v  0.8972 -0.7532 -0.3585
v  0.8163 -0.7541 -0.3278
v  0.8302 -0.7249 -0.4586
v  0.7532 -0.7240 -0.4186
v  0.7499 -0.6692 -0.5492
v  0.6777 -0.6653 -0.5006
v  0.6603 -0.5693 -0.6320
v  0.5935 -0.5612 -0.5751
v  0.6657 -0.4741 -0.6475
v  0.5992 -0.4627 -0.5898
v  0.6717 -0.3690 -0.6646
v  0.6054 -0.3540 -0.6059
v  0.6788 -0.2452 -0.6847
v  0.6127 -0.2261 -0.6249
v  0.7748 -0.2340 -0.6120
v  0.7035 -0.2155 -0.5599
v  0.8593 -0.2197 -0.5199
v  0.7833 -0.2019 -0.4766
v  0.9281 -0.2176 -0.4091
v  0.8483 -0.2009 -0.3757
v  0.9795 -0.2154 -0.2848
v  0.8967 -0.1996 -0.2621
v  1.0105 -0.2260 -0.1506
v  0.9258 -0.2112 -0.1391
v  1.0207 -0.2337 -0.0123
v  0.9355 -0.2193 -0.0123
v  1.0105 -0.2260 0.1260
v  0.9258 -0.2112 0.1145
v  0.9795 -0.2154 0.2602
v  0.8967 -0.1996 0.2375
v  0.9281 -0.2176 0.3845
v  0.8483 -0.2009 0.3511
v  0.8593 -0.2197 0.4952
v  0.7833 -0.2019 0.4519
v  0.7748 -0.2340 0.5873
v  0.7035 -0.2155 0.5352
v  -0.1701 -0.2152 0.8256
v  -0.1761 -0.2391 0.5671
v  -0.1906 -0.4258 0.5696
v  -0.1846 -0.4019 0.8281
v  0.6742 -0.3036 0.7377
v  0.6627 -0.4646 0.7068
v  0.6597 -0.4622 0.6902
v  0.6712 -0.3011 0.7211
v  0.3620 -0.2806 0.8443
v  0.3505 -0.4417 0.8134
v  0.3475 -0.4392 0.7968
v  0.3591 -0.2782 0.8277
v  0.0277 -0.2538 0.7675
v  0.0307 -0.2562 0.8582
v  0.0162 -0.4148 0.7366
v  0.0192 -0.4173 0.8273
v  -0.1701 -0.2152 -0.8460
v  -0.1846 -0.4019 -0.8485
v  -0.1906 -0.4258 -0.5901
v  -0.1761 -0.2391 -0.5876
v  0.6742 -0.3036 -0.7581
v  0.6712 -0.3011 -0.7416
v  0.6597 -0.4622 -0.7106
v  0.6627 -0.4646 -0.7272
v  0.3620 -0.2806 -0.8647
v  0.3505 -0.4417 -0.8338
v  0.3475 -0.4392 -0.8173
v  0.3591 -0.2782 -0.8482
v  0.0307 -0.2562 -0.8786
v  0.0277 -0.2538 -0.7879
v  0.0162 -0.4148 -0.7570
v  0.0192 -0.4173 -0.8477
v  0.6296 -0.5689 -0.6237
v  0.7178 -0.6715 -0.5461
v  0.6344 -0.4707 -0.6389
v  0.6411 -0.3621 -0.6547
v  0.6499 -0.2345 -0.6724
v  0.7425 -0.2280 -0.6048
v  0.8313 -0.2116 -0.5130
v  0.9008 -0.2111 -0.4050
v  0.9539 -0.2083 -0.2815
v  0.9852 -0.2200 -0.1498
v  0.9958 -0.2278 -0.0123
v  0.9852 -0.2200 0.1252
v  0.9539 -0.2083 0.2568
v  0.9008 -0.2111 0.3804
v  0.8313 -0.2116 0.4883
v  0.7425 -0.2280 0.5802
v  0.6499 -0.2345 0.6478
v  0.6410 -0.3620 0.6301
v  0.6344 -0.4708 0.6142
v  0.6296 -0.5689 0.5991
v  0.7191 -0.6711 0.5204
v  0.7998 -0.7295 0.4329
v  0.8684 -0.7598 0.3342
v  0.9214 -0.7385 0.2301
v  0.9628 -0.6050 0.1201
v  0.9806 -0.5358 -0.0123
v  0.9628 -0.6050 -0.1448
v  0.9214 -0.7385 -0.2547
v  0.8684 -0.7598 -0.3589
v  0.8000 -0.7302 -0.4573
v  0.6122 -0.5094 -0.5283
v  0.6835 -0.5869 -0.4585
v  0.6164 -0.4360 -0.5382
v  0.6210 -0.3551 -0.5490
v  0.6266 -0.2598 -0.5617
v  0.7029 -0.2517 -0.4980
v  0.7690 -0.2417 -0.4203
v  0.8225 -0.2410 -0.3296
v  0.8621 -0.2401 -0.2293
v  0.8858 -0.2489 -0.1223
v  0.8937 -0.2549 -0.0123
v  0.8858 -0.2489 0.0976
v  0.8621 -0.2401 0.2047
v  0.8225 -0.2410 0.3049
v  0.7690 -0.2417 0.3957
v  0.7029 -0.2517 0.4733
v  0.6266 -0.2598 0.5371
v  0.6210 -0.3551 0.5244
v  0.6164 -0.4360 0.5135
v  0.6122 -0.5094 0.5036
v  0.6835 -0.5869 0.4338
v  0.7466 -0.6305 0.3574
v  0.7987 -0.6529 0.2734
v  0.8390 -0.6377 0.1839
v  0.8711 -0.5322 0.0892
v  0.8833 -0.4771 -0.0123
v  0.8711 -0.5322 -0.1139
v  0.8390 -0.6377 -0.2085
v  0.7987 -0.6529 -0.2981
v  0.7466 -0.6305 -0.3820
v  0.6431 -0.6715 -0.4783
v  0.5595 -0.5608 -0.5507
v  0.7175 -0.7324 -0.3993
v  0.7805 -0.7637 -0.3097
v  0.8301 -0.7418 -0.2111
v  0.8669 -0.6106 -0.1100
v  0.8793 -0.5466 -0.0123
v  0.8669 -0.6106 0.0853
v  0.8301 -0.7418 0.1864
v  0.7805 -0.7637 0.2851
v  0.7175 -0.7324 0.3746
v  0.6431 -0.6715 0.4536
v  0.5595 -0.5608 0.5261
v  0.5635 -0.4572 0.5418
v  0.5698 -0.3487 0.5572
v  0.5821 -0.2121 0.5741
v  0.6762 -0.1962 0.5085
v  0.7524 -0.1831 0.4288
v  0.8145 -0.1822 0.3320
v  0.8606 -0.1814 0.2232
v  0.8880 -0.1930 0.1059
v  0.8968 -0.2008 -0.0123
v  0.8880 -0.1930 -0.1305
v  0.8606 -0.1814 -0.2479
v  0.8145 -0.1822 -0.3567
v  0.7524 -0.1831 -0.4534
v  0.6762 -0.1962 -0.5332
v  0.5821 -0.2121 -0.5988
v  0.5698 -0.3487 -0.5819
v  0.5635 -0.4572 -0.5665
# 542 vertices

vn 0.5015 0.8217 0.2709
vn 0.3107 0.9304 0.1944
vn 0.1795 0.9773 0.1127
vn 0.0271 0.9882 -0.1507
vn -0.1011 0.7387 -0.6664
vn 0.0306 0.9060 -0.4222
vn 0.0306 0.9060 0.4222
vn -0.1011 0.7387 0.6664
vn 0.0271 0.9882 0.1507
vn 0.1826 0.9773 -0.1072
vn 0.3203 0.9287 -0.1868
vn 0.5049 0.8202 -0.2690
vn 0.8162 0.0480 -0.5758
vn 0.8120 0.0455 -0.5818
vn 0.7964 0.0404 -0.6034
vn -0.0527 -0.9897 -0.1333
vn -0.0612 -0.9851 -0.1606
vn -0.1236 -0.9898 -0.0708
vn -0.1318 -0.9895 -0.0586
vn -0.1513 -0.9878 0.0369
vn -0.1449 -0.9887 0.0374
vn -0.1449 -0.9887 -0.0374
vn -0.1513 -0.9878 -0.0369
vn -0.1318 -0.9895 0.0586
vn -0.1236 -0.9898 0.0708
vn -0.0612 -0.9851 0.1606
vn -0.0527 -0.9897 0.1333
vn 0.7969 0.0397 0.6028
vn 0.8135 0.0445 0.5799
vn 0.8172 0.0492 0.5743
vn -0.4625 -0.8623 -0.2060
vn -0.4616 -0.8545 -0.2383
vn -0.5723 -0.7901 -0.2195
vn -0.5839 -0.7900 -0.1868
vn -0.2866 -0.9491 -0.1307
vn -0.2855 -0.9457 -0.1554
vn -0.1170 -0.9923 0.0403
vn -0.1205 -0.9923 0.0291
vn -0.0428 -0.9816 0.1859
vn -0.0434 -0.9803 0.1929
vn 0.0144 -0.8229 0.5680
vn -0.0014 -0.8108 0.5853
vn 0.1172 -0.7418 0.6603
vn 0.1416 -0.7494 0.6467
vn -0.0742 -0.8863 0.4572
vn -0.0850 -0.8722 0.4817
vn 0.0007 -0.8227 -0.5685
vn 0.0212 -0.8149 -0.5792
vn -0.0651 -0.8865 -0.4581
vn -0.0866 -0.8890 -0.4496
vn 0.1310 -0.7408 -0.6588
vn 0.1522 -0.7205 -0.6765
vn -0.1133 -0.9927 -0.0420
vn -0.1180 -0.9921 -0.0422
vn -0.0412 -0.9819 -0.1851
vn -0.0460 -0.9817 -0.1851
vn -0.2790 -0.9506 0.1363
vn -0.2947 -0.9452 0.1404
vn -0.4542 -0.8644 0.2156
vn -0.4727 -0.8537 0.2183
vn -0.5844 -0.7853 0.2045
vn -0.6053 -0.7668 0.2137
vn -0.0133 0.9848 -0.1730
vn 0.0076 0.9860 -0.1666
vn 0.0084 0.9861 -0.1658
vn -0.0126 0.9851 -0.1713
vn 0.0645 0.9913 -0.1149
vn 0.0643 0.9908 -0.1187
vn 0.0964 0.9933 -0.0635
vn 0.0975 0.9929 -0.0674
vn 0.1102 0.9939 -0.0054
vn 0.1121 0.9936 -0.0114
vn 0.1082 0.9932 0.0431
vn 0.1106 0.9931 0.0386
vn 0.0986 0.9951 0.0023
vn 0.0979 0.9952 0.0011
vn 0.1124 0.9928 -0.0409
vn 0.1086 0.9934 -0.0380
vn 0.1152 0.9933 0.0044
vn 0.1109 0.9938 0.0099
vn 0.0990 0.9930 0.0649
vn 0.0963 0.9931 0.0671
vn 0.0676 0.9912 0.1135
vn 0.0649 0.9910 0.1175
vn 0.0073 0.9863 0.1646
vn 0.0094 0.9861 0.1660
vn -0.0177 0.9849 0.1724
vn -0.0136 0.9848 0.1729
vn -0.8750 -0.0771 -0.4780
vn -0.8803 -0.0608 -0.4705
vn -0.8845 -0.0639 -0.4622
vn -0.8783 -0.0800 -0.4713
vn -0.8838 -0.0186 -0.4674
vn -0.8885 -0.0193 -0.4585
vn -0.8843 0.0126 -0.4668
vn -0.8894 0.0127 -0.4570
vn -0.8794 -0.0757 0.4700
vn -0.8854 -0.0637 0.4604
vn -0.8780 -0.0624 0.4746
vn -0.8723 -0.0720 0.4837
vn -0.8891 -0.0198 0.4573
vn -0.8824 -0.0206 0.4700
vn -0.8898 0.0116 0.4562
vn -0.8836 0.0101 0.4682
vn 0.4833 -0.2008 -0.8521
vn 0.6362 -0.1734 -0.7518
vn 0.5947 -0.1739 -0.7849
vn 0.4695 -0.2039 -0.8591
vn 0.7655 -0.1444 -0.6270
vn 0.7293 -0.1414 -0.6694
vn 0.8754 -0.1150 -0.4695
vn 0.8461 -0.1108 -0.5213
vn 0.9473 -0.0697 -0.3126
vn 0.9305 -0.0796 -0.3574
vn 0.9862 -0.0538 -0.1565
vn 0.9838 -0.0568 -0.1703
vn 0.9990 -0.0448 -0.0018
vn 0.9990 -0.0455 -0.0037
vn 0.9860 -0.0512 0.1588
vn 0.9839 -0.0592 0.1684
vn 0.9433 -0.0750 0.3234
vn 0.9256 -0.0724 0.3715
vn 0.8724 -0.1365 0.4693
vn 0.8397 -0.0718 0.5384
vn 0.7599 -0.1936 0.6205
vn 0.7301 -0.0800 0.6787
vn 0.6219 -0.2392 0.7457
vn 0.6093 -0.1086 0.7854
vn 0.4715 -0.2699 0.8396
vn 0.4830 -0.2120 0.8495
vn 0.4772 -0.1898 0.8581
vn 0.4727 -0.1945 0.8595
vn 0.4881 -0.1902 0.8518
vn 0.4822 -0.1955 0.8540
vn 0.5409 -0.1315 0.8307
vn 0.5125 -0.1559 0.8444
vn 0.7028 -0.1239 0.7005
vn 0.6356 -0.1732 0.7523
vn 0.8194 -0.0925 0.5657
vn 0.7690 -0.1410 0.6236
vn 0.9032 -0.0713 0.4233
vn 0.8702 -0.1059 0.4811
vn 0.9586 -0.0573 0.2788
vn 0.9426 -0.0723 0.3260
vn 0.9889 -0.0506 0.1394
vn 0.9853 -0.0513 0.1627
vn 0.9989 -0.0463 -0.0009
vn 0.9888 -0.0475 -0.1416
vn 0.9844 -0.0558 -0.1669
vn 0.9591 -0.0481 -0.2790
vn 0.9383 -0.0878 -0.3346
vn 0.9068 -0.0484 -0.4187
vn 0.8584 -0.1398 -0.4935
vn 0.8292 -0.0484 -0.5569
vn 0.7479 -0.1986 -0.6334
vn 0.7175 -0.0537 -0.6945
vn 0.5970 -0.2714 -0.7550
vn 0.5692 -0.0037 -0.8222
vn 0.5280 -0.1632 -0.8334
vn 0.4828 -0.1899 -0.8549
vn 0.4878 -0.1938 -0.8512
vn 0.4729 -0.1899 -0.8604
vn 0.4769 -0.1934 -0.8574
vn -0.4708 -0.8435 -0.2585
vn -0.5987 -0.7595 -0.2543
vn -0.5875 -0.7644 -0.2657
vn -0.4549 -0.8507 -0.2634
vn -0.2959 -0.9399 -0.1701
vn -0.2824 -0.9439 -0.1710
vn -0.1189 -0.9925 0.0302
vn -0.1122 -0.9930 0.0369
vn -0.0399 -0.9807 0.1913
vn -0.0433 -0.9805 0.1917
vn 0.0261 -0.8020 0.5967
vn 0.1620 -0.6983 0.6973
vn 0.1439 -0.7003 0.6992
vn 0.0108 -0.8006 0.5991
vn -0.0718 -0.8816 0.4665
vn -0.0859 -0.8820 0.4634
vn 0.0113 -0.7996 -0.6004
vn -0.0849 -0.8711 -0.4838
vn -0.0707 -0.8750 -0.4790
vn 0.0272 -0.8006 -0.5986
vn 0.1392 -0.7137 -0.6865
vn 0.1538 -0.7173 -0.6796
vn -0.1209 -0.9924 -0.0207
vn -0.0414 -0.9795 -0.1972
vn -0.0384 -0.9802 -0.1944
vn -0.1182 -0.9925 -0.0318
vn -0.2898 -0.9399 0.1804
vn -0.2924 -0.9420 0.1650
vn -0.4632 -0.8436 0.2715
vn -0.4653 -0.8484 0.2524
vn -0.5767 -0.7756 0.2568
vn -0.5830 -0.7757 0.2416
vn 0.0004 0.9868 -0.1621
vn 0.0127 0.9870 -0.1603
vn 0.0118 0.9871 -0.1594
vn -0.0000 0.9870 -0.1607
vn 0.0635 0.9916 -0.1130
vn 0.0603 0.9913 -0.1171
vn 0.0967 0.9935 -0.0596
vn 0.0976 0.9933 -0.0616
vn 0.1115 0.9938 -0.0002
vn 0.1124 0.9936 -0.0056
vn 0.1092 0.9928 0.0487
vn 0.1122 0.9926 0.0474
vn 0.0981 0.9952 0.0017
vn 0.0982 0.9952 0.0014
vn 0.1120 0.9926 -0.0472
vn 0.1088 0.9930 -0.0468
vn 0.1148 0.9934 -0.0006
vn 0.1101 0.9939 0.0036
vn 0.0982 0.9933 0.0605
vn 0.0957 0.9935 0.0610
vn 0.0654 0.9916 0.1117
vn 0.0611 0.9914 0.1155
vn 0.0122 0.9872 0.1592
vn 0.0129 0.9870 0.1602
vn -0.0021 0.9868 0.1619
vn -0.0008 0.9866 0.1629
vn -0.8481 -0.0668 -0.5256
vn -0.8540 -0.0577 -0.5171
vn -0.8524 -0.0594 -0.5196
vn -0.8463 -0.0688 -0.5282
vn -0.8595 -0.0365 -0.5099
vn -0.8582 -0.0373 -0.5120
vn -0.8636 -0.0193 -0.5038
vn -0.8625 -0.0203 -0.5056
vn -0.8523 -0.0585 0.5197
vn -0.8462 -0.0633 0.5290
vn -0.8480 -0.0641 0.5260
vn -0.8540 -0.0589 0.5169
vn -0.8582 -0.0374 0.5120
vn -0.8595 -0.0372 0.5098
vn -0.8627 -0.0224 0.5053
vn -0.8638 -0.0227 0.5034
vn -0.5869 -0.7557 -0.2908
vn -0.5951 -0.7579 -0.2673
vn -0.4770 -0.8342 -0.2768
vn -0.4757 -0.8244 -0.3067
vn -0.2996 -0.9364 -0.1829
vn -0.2974 -0.9318 -0.2079
vn -0.1191 -0.9925 0.0293
vn -0.1239 -0.9922 0.0118
vn -0.0356 -0.9785 0.2033
vn -0.0402 -0.9772 0.2086
vn 0.1248 -0.6935 0.7096
vn 0.1460 -0.7008 0.6982
vn 0.0260 -0.7777 0.6281
vn 0.0037 -0.7715 0.6362
vn -0.0610 -0.8500 0.5232
vn -0.0820 -0.8415 0.5339
vn -0.0619 -0.8575 -0.5107
vn -0.0838 -0.8605 -0.5025
vn 0.0020 -0.7776 -0.6288
vn 0.0260 -0.7752 -0.6312
vn 0.1304 -0.6766 -0.7247
vn 0.1574 -0.6716 -0.7240
vn -0.0373 -0.9792 -0.1993
vn -0.0434 -0.9790 -0.1993
vn -0.1111 -0.9931 -0.0367
vn -0.1210 -0.9923 -0.0256
vn -0.2855 -0.9390 0.1920
vn -0.3066 -0.9322 0.1924
vn -0.4623 -0.8369 0.2931
vn -0.4869 -0.8248 0.2875
vn -0.5999 -0.7412 0.3014
vn -0.6172 -0.7330 0.2860
vn -0.0009 0.9861 -0.1661
vn 0.0015 0.9859 -0.1676
vn -0.0247 0.9841 -0.1757
vn -0.0282 0.9844 -0.1736
vn 0.0636 0.9919 -0.1095
vn 0.0601 0.9918 -0.1128
vn 0.0985 0.9935 -0.0565
vn 0.0954 0.9938 -0.0571
vn 0.1157 0.9933 0.0069
vn 0.1098 0.9939 0.0026
vn 0.1133 0.9921 0.0539
vn 0.1084 0.9927 0.0527
vn 0.0987 0.9951 -0.0023
vn 0.0987 0.9951 -0.0020
vn 0.1090 0.9925 -0.0561
vn 0.1133 0.9921 -0.0533
vn 0.1110 0.9938 -0.0057
vn 0.1130 0.9936 0.0005
vn 0.0965 0.9938 0.0553
vn 0.0978 0.9935 0.0579
vn 0.0612 0.9919 0.1115
vn 0.0588 0.9916 0.1148
vn -0.0000 0.9857 0.1687
vn -0.0010 0.9861 0.1661
vn -0.0224 0.9844 0.1742
vn -0.0231 0.9851 0.1706
vn -0.8452 -0.0602 -0.5310
vn -0.8477 -0.0615 -0.5269
vn -0.8412 -0.0707 -0.5361
vn -0.8384 -0.0687 -0.5407
vn -0.8507 -0.0228 -0.5251
vn -0.8524 -0.0227 -0.5224
vn -0.8531 0.0043 -0.5217
vn -0.8542 0.0037 -0.5200
vn -0.8412 -0.0737 0.5356
vn -0.8385 -0.0774 0.5394
vn -0.8453 -0.0619 0.5307
vn -0.8476 -0.0589 0.5273
vn -0.8507 -0.0222 0.5251
vn -0.8523 -0.0211 0.5227
vn -0.8530 0.0058 0.5219
vn -0.8539 0.0070 0.5203
vn -0.4434 0.2113 0.8710
vn -0.5910 0.1506 0.7925
vn -0.5992 0.1745 0.7813
vn -0.4416 0.2266 0.8681
vn -0.7282 0.1230 0.6742
vn -0.7363 0.1365 0.6627
vn -0.8508 0.0966 0.5166
vn -0.8479 0.0971 0.5211
vn -0.9355 0.0769 0.3450
vn -0.9268 0.0879 0.3651
vn -0.9872 0.0486 0.1519
vn -0.9839 0.0603 0.1681
vn -0.9989 0.0457 -0.0038
vn -0.9990 0.0448 -0.0018
vn -0.9868 0.0464 -0.1552
vn -0.9837 0.0665 -0.1672
vn -0.9359 0.0703 -0.3452
vn -0.9279 0.0898 -0.3619
vn -0.8530 0.0975 -0.5127
vn -0.8511 0.0963 -0.5162
vn -0.7281 0.1305 -0.6729
vn -0.7390 0.1319 -0.6607
vn -0.5879 0.1598 -0.7930
vn -0.6024 0.1671 -0.7805
vn -0.4390 0.2086 -0.8740
vn -0.4423 0.2143 -0.8709
vn -0.4424 0.1819 -0.8782
vn -0.4415 0.1818 -0.8786
vn -0.4529 0.1812 -0.8730
vn -0.4517 0.1811 -0.8736
vn -0.5137 0.1264 -0.8486
vn -0.5251 0.0999 -0.8451
vn -0.6373 0.1561 -0.7546
vn -0.6560 0.1458 -0.7405
vn -0.7773 0.1209 -0.6174
vn -0.7863 0.1183 -0.6064
vn -0.8787 0.0902 -0.4688
vn -0.8818 0.0905 -0.4629
vn -0.9478 0.0661 -0.3119
vn -0.9472 0.0674 -0.3134
vn -0.9871 0.0519 -0.1516
vn -0.9859 0.0521 -0.1592
vn -0.9989 0.0474 0.0007
vn -0.9989 0.0474 0.0006
vn -0.9869 0.0531 0.1521
vn -0.9858 0.0508 0.1598
vn -0.9478 0.0676 0.3116
vn -0.9474 0.0661 0.3131
vn -0.8789 0.0910 0.4683
vn -0.8821 0.0897 0.4624
vn -0.7779 0.1206 0.6168
vn -0.7868 0.1183 0.6057
vn -0.6412 0.1510 0.7524
vn -0.6587 0.1483 0.7376
vn -0.5091 0.1241 0.8517
vn -0.5210 0.1106 0.8463
vn -0.4517 0.1815 0.8735
vn -0.4528 0.1812 0.8730
vn -0.4415 0.1822 0.8786
vn -0.4424 0.1819 0.8782
vn 0.5920 -0.1542 -0.7911
vn 0.4440 -0.1996 -0.8735
vn 0.4472 -0.2038 -0.8709
vn 0.6046 -0.1584 -0.7806
vn 0.4472 -0.1735 -0.8774
vn 0.4463 -0.1735 -0.8779
vn 0.4577 -0.1729 -0.8721
vn 0.4566 -0.1729 -0.8727
vn 0.5192 -0.1192 -0.8463
vn 0.5285 -0.0968 -0.8434
vn 0.6412 -0.1490 -0.7528
vn 0.6579 -0.1398 -0.7400
vn 0.7792 -0.1162 -0.6159
vn 0.7874 -0.1139 -0.6058
vn 0.8795 -0.0875 -0.4678
vn 0.8825 -0.0878 -0.4621
vn 0.9480 -0.0648 -0.3116
vn 0.9476 -0.0662 -0.3125
vn 0.9871 -0.0515 -0.1519
vn 0.9860 -0.0519 -0.1583
vn 0.9989 -0.0474 0.0007
vn 0.9989 -0.0474 0.0006
vn 0.9869 -0.0527 0.1524
vn 0.9860 -0.0506 0.1588
vn 0.9480 -0.0663 0.3113
vn 0.9478 -0.0649 0.3122
vn 0.8797 -0.0882 0.4673
vn 0.8828 -0.0870 0.4616
vn 0.7798 -0.1159 0.6152
vn 0.7880 -0.1139 0.6051
vn 0.6449 -0.1441 0.7506
vn 0.6606 -0.1423 0.7371
vn 0.5145 -0.1170 0.8495
vn 0.5245 -0.1069 0.8446
vn 0.4565 -0.1732 0.8727
vn 0.4577 -0.1730 0.8721
vn 0.4463 -0.1739 0.8778
vn 0.4472 -0.1736 0.8774
vn 0.4485 -0.2023 0.8706
vn 0.4465 -0.2154 0.8685
vn 0.5953 -0.1456 0.7902
vn 0.6012 -0.1654 0.7818
vn 0.7312 -0.1191 0.6717
vn 0.7369 -0.1302 0.6633
vn 0.8517 -0.0935 0.5156
vn 0.8487 -0.0941 0.5204
vn 0.9347 -0.0771 0.3469
vn 0.9279 -0.0842 0.3633
vn 0.9869 -0.0505 0.1534
vn 0.9844 -0.0580 0.1664
vn 0.9989 -0.0457 -0.0038
vn 0.9990 -0.0448 -0.0017
vn 0.9864 -0.0485 -0.1570
vn 0.9842 -0.0636 -0.1653
vn 0.9351 -0.0709 -0.3473
vn 0.9290 -0.0861 -0.3599
vn 0.8539 -0.0944 -0.5118
vn 0.8518 -0.0933 -0.5155
vn 0.7310 -0.1262 -0.6706
vn 0.7397 -0.1258 -0.6610
vn 0.4862 0.8106 0.3265
vn 0.3637 0.8824 0.2986
vn 0.4307 0.8742 0.2240
vn 0.5484 0.8076 0.2167
vn 0.2084 0.9591 0.1915
vn 0.2700 0.9526 0.1403
vn 0.0641 0.9978 -0.0159
vn 0.1148 0.9928 -0.0348
vn 0.0103 0.9866 -0.1626
vn 0.0467 0.9828 -0.1789
vn -0.1417 0.7313 -0.6672
vn -0.0218 0.8318 -0.5547
vn -0.0172 0.8316 -0.5550
vn -0.1473 0.7463 -0.6491
vn 0.0669 0.9051 -0.4199
vn 0.0845 0.9032 -0.4208
vn 0.0653 0.9064 0.4174
vn -0.0237 0.8321 0.5541
vn -0.0131 0.8318 0.5550
vn 0.0882 0.9049 0.4164
vn -0.1447 0.7291 0.6689
vn -0.1450 0.7417 0.6548
vn 0.0101 0.9868 0.1619
vn 0.0639 0.9978 0.0172
vn 0.1131 0.9929 0.0363
vn 0.0478 0.9828 0.1782
vn 0.2093 0.9592 -0.1902
vn 0.2672 0.9532 -0.1415
vn 0.3648 0.8824 -0.2970
vn 0.4277 0.8751 -0.2266
vn 0.4894 0.8086 -0.3266
vn 0.5499 0.8048 -0.2235
vn 0.7535 0.0868 -0.6517
vn 0.7617 0.0875 -0.6420
vn 0.8451 0.0631 -0.5309
vn 0.8395 0.0656 -0.5394
vn 0.7687 0.0840 -0.6341
vn 0.8513 0.0609 -0.5211
vn 0.7761 0.0798 -0.6255
vn 0.8579 0.0579 -0.5105
vn -0.0537 -0.9805 -0.1890
vn -0.0593 -0.9810 -0.1847
vn -0.0295 -0.9877 -0.1536
vn -0.0274 -0.9877 -0.1538
vn -0.1009 -0.9856 -0.1358
vn -0.0645 -0.9908 -0.1189
vn -0.1295 -0.9884 -0.0795
vn -0.0969 -0.9931 -0.0653
vn -0.1440 -0.9894 -0.0164
vn -0.1102 -0.9938 -0.0121
vn -0.1416 -0.9893 0.0345
vn -0.1093 -0.9933 0.0383
vn -0.1318 -0.9913 0.0002
vn -0.0973 -0.9953 0.0004
vn -0.1420 -0.9893 -0.0343
vn -0.1084 -0.9934 -0.0381
vn -0.1445 -0.9894 0.0162
vn -0.1096 -0.9939 0.0116
vn -0.1298 -0.9883 0.0796
vn -0.0964 -0.9932 0.0652
vn -0.1012 -0.9856 0.1356
vn -0.0646 -0.9909 0.1184
vn -0.0592 -0.9810 0.1847
vn -0.0295 -0.9877 0.1537
vn -0.0537 -0.9805 0.1890
vn -0.0274 -0.9877 0.1539
vn 0.7759 0.0805 0.6257
vn 0.7684 0.0841 0.6344
vn 0.8518 0.0607 0.5204
vn 0.8584 0.0590 0.5096
vn 0.7614 0.0876 0.6423
vn 0.8456 0.0629 0.5301
vn 0.7532 0.0862 0.6521
vn 0.8399 0.0641 0.5389
vn -0.5860 -0.7894 -0.1830
vn -0.4553 -0.8671 -0.2022
vn -0.8904 -0.0629 -0.4509
vn -0.8840 -0.0785 -0.4608
vn -0.8941 -0.0172 -0.4476
vn -0.8946 0.0139 -0.4466
vn 0.0088 0.9859 -0.1670
vn -0.0119 0.9851 -0.1718
vn 0.0624 0.9905 -0.1224
vn 0.0969 0.9929 -0.0692
vn 0.1109 0.9937 -0.0153
vn 0.1098 0.9933 0.0368
vn 0.0973 0.9953 0.0004
vn 0.1089 0.9934 -0.0366
vn 0.1102 0.9938 0.0148
vn 0.0963 0.9930 0.0690
vn 0.0625 0.9906 0.1219
vn 0.0092 0.9859 0.1671
vn -0.0122 0.9850 0.1724
vn -0.8943 -0.0174 0.4470
vn -0.8948 0.0135 0.4463
vn -0.8908 -0.0628 0.4501
vn -0.8845 -0.0768 0.4602
vn -0.4580 -0.8663 0.1994
vn -0.5840 -0.7923 0.1765
vn -0.2825 -0.9510 0.1258
vn -0.1142 -0.9926 -0.0419
vn -0.0450 -0.9818 -0.1845
vn 0.0091 -0.8262 -0.5633
vn 0.1418 -0.7540 -0.6414
vn -0.0830 -0.8896 -0.4491
vn 0.0048 -0.8262 0.5633
vn -0.0869 -0.8915 0.4445
vn 0.1394 -0.7495 0.6471
vn -0.1125 -0.9927 0.0433
vn -0.0461 -0.9819 0.1838
vn -0.2799 -0.9516 -0.1273
vn -0.9530 -0.2121 0.2166
vn -0.7781 -0.5791 0.2434
vn -0.7810 -0.5724 0.2499
vn -0.9442 -0.2347 0.2312
vn -0.6946 -0.6793 0.2367
vn -0.7000 -0.6725 0.2405
vn -0.5984 -0.7301 0.3298
vn -0.6047 -0.7288 0.3214
vn -0.5198 -0.6061 0.6020
vn -0.5177 -0.6211 0.5884
vn -0.5935 -0.5525 0.5852
vn -0.5890 -0.5505 0.5916
vn -0.5792 -0.6609 0.4772
vn -0.5839 -0.6585 0.4748
vn -0.5848 -0.6611 -0.4700
vn -0.5884 -0.5464 -0.5960
vn -0.5909 -0.5400 -0.5993
vn -0.5816 -0.6638 -0.4702
vn -0.5144 -0.6156 -0.5970
vn -0.5257 -0.6213 -0.5810
vn -0.6030 -0.7283 -0.3255
vn -0.6073 -0.7305 -0.3123
vn -0.6991 -0.6727 -0.2422
vn -0.6977 -0.6773 -0.2332
vn -0.7793 -0.5738 -0.2520
vn -0.7784 -0.5785 -0.2437
vn -0.8176 -0.4932 -0.2970
vn -0.8179 -0.4967 -0.2903
vn -0.9882 0.0598 -0.1410
vn -0.9827 0.0652 -0.1732
vn -0.9832 0.0647 -0.1708
vn -0.9891 0.0603 -0.1343
vn -0.9838 0.0810 -0.1598
vn -0.9825 0.0798 -0.1682
vn -0.9950 0.0954 -0.0294
vn -0.9946 0.0948 -0.0426
vn -0.3156 0.9039 -0.2887
vn -0.3873 0.8694 -0.3070
vn -0.3887 0.8703 -0.3024
vn -0.3063 0.9102 -0.2789
vn -0.4167 0.8673 -0.2723
vn -0.4170 0.8672 -0.2722
vn -0.4490 0.8617 -0.2363
vn -0.4502 0.8622 -0.2324
vn -0.4827 0.8535 -0.1962
vn -0.4808 0.8546 -0.1961
vn -0.5133 0.8462 -0.1430
vn -0.5112 0.8473 -0.1438
vn -0.5315 0.8471 0.0010
vn -0.5315 0.8471 0.0011
vn -0.5111 0.8474 0.1438
vn -0.5129 0.8461 0.1451
vn -0.4813 0.8547 0.1946
vn -0.4830 0.8536 0.1952
vn -0.4481 0.8623 0.2358
vn -0.4512 0.8616 0.2327
vn -0.4180 0.8670 0.2712
vn -0.4182 0.8671 0.2706
vn -0.3800 0.8721 0.3084
vn -0.3847 0.8698 0.3089
vn -0.3233 0.9048 0.2773
vn -0.3255 0.9020 0.2836
vn -0.9963 0.0746 0.0432
vn -0.9815 0.0932 0.1672
vn -0.9832 0.0888 0.1595
vn -0.9975 0.0675 0.0208
vn -0.9829 0.0689 0.1705
vn -0.9825 0.0695 0.1728
vn -0.0504 0.8090 -0.5857
vn -0.1589 0.6916 -0.7045
vn -0.0699 0.7864 -0.6138
vn -0.1807 0.6667 -0.7231
vn 0.0309 0.8967 -0.4417
vn 0.0161 0.8836 -0.4680
vn 0.0309 0.8967 0.4417
vn -0.0504 0.8090 0.5857
vn 0.0161 0.8836 0.4680
vn -0.0699 0.7864 0.6138
vn -0.1589 0.6916 0.7045
vn -0.1807 0.6667 0.7231
vn -0.0391 0.9882 0.1480
vn 0.0187 0.9996 -0.0224
vn -0.0449 0.9868 0.1555
vn 0.0322 0.9984 -0.0470
vn 0.1655 0.9498 -0.2654
vn 0.1937 0.9369 -0.2911
vn 0.3238 0.8597 -0.3950
vn 0.3599 0.8333 -0.4197
vn 0.4503 0.7772 -0.4395
vn 0.4800 0.7534 -0.4495
vn 0.6622 0.1017 -0.7424
vn 0.6553 0.0969 -0.7491
vn 0.6620 0.0933 -0.7437
vn 0.6529 0.0890 -0.7522
vn 0.6719 0.0968 -0.7343
vn 0.6736 0.0885 -0.7338
vn 0.6802 0.0916 -0.7273
vn 0.6818 0.0837 -0.7268
vn -0.0391 0.9882 -0.1480
vn 0.0187 0.9996 0.0224
vn -0.0449 0.9868 -0.1555
vn 0.0322 0.9984 0.0470
vn 0.1655 0.9498 0.2654
vn 0.1937 0.9369 0.2911
vn 0.3238 0.8597 0.3950
vn 0.3599 0.8333 0.4197
vn 0.4503 0.7772 0.4395
vn 0.4800 0.7534 0.4495
vn 0.6622 0.1017 0.7424
vn 0.6553 0.0969 0.7491
vn 0.6620 0.0933 0.7437
vn 0.6529 0.0890 0.7522
vn 0.6719 0.0968 0.7343
vn 0.6736 0.0885 0.7338
vn 0.6802 0.0916 0.7273
vn 0.6818 0.0837 0.7268
vn -0.0878 -0.9711 0.2220
vn -0.0758 -0.9711 0.2262
vn -0.0824 -0.9708 0.2253
vn -0.0712 -0.9710 0.2281
vn -0.1332 -0.9774 0.1639
vn -0.1293 -0.9771 0.1692
vn -0.1666 -0.9814 0.0955
vn -0.1683 -0.9812 0.0944
vn -0.1823 -0.9830 0.0235
vn -0.1853 -0.9825 0.0209
vn -0.1810 -0.9829 -0.0353
vn -0.1847 -0.9819 -0.0415
vn -0.1717 -0.9851 0.0000
vn -0.1741 -0.9847 0.0000
vn -0.1810 -0.9829 0.0353
vn -0.1847 -0.9819 0.0415
vn -0.1823 -0.9830 -0.0235
vn -0.1853 -0.9825 -0.0209
vn -0.1666 -0.9814 -0.0955
vn -0.1683 -0.9812 -0.0944
vn -0.1332 -0.9774 -0.1639
vn -0.1293 -0.9771 -0.1692
vn -0.0878 -0.9711 -0.2220
vn -0.0824 -0.9708 -0.2253
vn -0.0758 -0.9711 -0.2262
vn -0.0712 -0.9710 -0.2281
vn -0.9976 0.0679 0.0162
vn 0.9829 -0.0229 -0.1825
vn 0.1591 -0.2074 0.9652
vn 0.1693 -0.2077 0.9634
vn 0.3011 -0.2090 0.9304
vn -0.1047 -0.9872 -0.1204
vn -0.1030 -0.9882 -0.1131
vn -0.1220 -0.9856 -0.1170
vn -0.0622 0.2039 -0.9770
vn -0.0509 0.2034 -0.9778
vn -0.3011 0.2090 -0.9304
vn 0.0884 0.9884 0.1235
vn 0.0929 0.9892 0.1132
vn 0.1220 0.9856 0.1170
vn 0.1481 0.9889 -0.0089
vn 0.1376 0.9903 0.0210
vn 0.4331 0.1553 -0.8879
vn 0.4270 0.1267 -0.8953
vn -0.0817 -0.9963 -0.0247
vn -0.0672 -0.9977 0.0105
vn -0.0902 -0.1945 0.9767
vn -0.0400 -0.1509 0.9877
vn 0.1753 0.9826 -0.0616
vn 0.1672 0.9819 -0.0886
vn 0.6774 -0.0019 -0.7356
vn 0.6981 -0.0576 -0.7137
vn -0.0479 -0.9972 0.0576
vn -0.0344 -0.9956 0.0869
vn -0.0782 -0.0692 0.9945
vn 0.0052 0.0140 0.9999
vn -0.9976 0.0679 -0.0162
vn 0.9829 -0.0229 0.1825
vn 0.1591 -0.2074 -0.9652
vn 0.3011 -0.2090 -0.9304
vn 0.1693 -0.2077 -0.9634
vn -0.1047 -0.9872 0.1204
vn -0.1220 -0.9856 0.1170
vn -0.1030 -0.9882 0.1131
vn -0.0622 0.2039 0.9770
vn -0.3011 0.2090 0.9304
vn -0.0509 0.2034 0.9778
vn 0.0884 0.9884 -0.1235
vn 0.1220 0.9856 -0.1170
vn 0.0929 0.9892 -0.1132
vn 0.1376 0.9903 -0.0210
vn 0.1481 0.9889 0.0089
vn 0.4270 0.1267 0.8953
vn 0.4331 0.1553 0.8879
vn -0.0672 -0.9977 -0.0105
vn -0.0817 -0.9963 0.0247
vn -0.0400 -0.1509 -0.9877
vn -0.0902 -0.1945 -0.9767
vn 0.1753 0.9826 0.0616
vn 0.1672 0.9819 0.0886
vn 0.6981 -0.0576 0.7137
vn 0.6774 -0.0019 0.7356
vn -0.0344 -0.9956 -0.0869
vn -0.0479 -0.9972 -0.0576
vn 0.0052 0.0140 -0.9999
vn -0.0782 -0.0692 -0.9945
vn 0.5857 -0.1459 -0.7973
vn 0.5723 -0.1634 -0.8036
vn 0.6610 -0.0959 -0.7442
vn 0.6539 -0.0939 -0.7507
vn 0.5709 -0.1495 -0.8073
vn 0.5742 -0.1524 -0.8044
vn 0.5818 -0.1516 -0.7991
vn 0.5815 -0.1532 -0.7990
vn 0.6039 -0.1565 -0.7815
vn 0.6237 -0.1011 -0.7751
vn 0.7044 -0.1721 -0.6886
vn 0.6095 -0.2890 -0.7382
vn 0.7773 -0.1864 -0.6008
vn 0.8356 -0.1166 -0.5369
vn 0.8947 -0.1357 -0.4256
vn 0.8502 -0.1945 -0.4893
vn 0.9362 -0.1417 -0.3216
vn 0.9558 -0.1178 -0.2693
vn 0.9830 -0.1197 -0.1389
vn 0.9737 -0.1396 -0.1802
vn 0.9922 -0.1250 0.0000
vn 0.9916 -0.1292 -0.0000
vn 0.9737 -0.1396 0.1802
vn 0.9830 -0.1197 0.1389
vn 0.9362 -0.1417 0.3216
vn 0.9558 -0.1178 0.2693
vn 0.8947 -0.1357 0.4256
vn 0.8502 -0.1945 0.4893
vn 0.7773 -0.1864 0.6008
vn 0.8356 -0.1166 0.5369
vn 0.7044 -0.1721 0.6886
vn 0.6095 -0.2890 0.7382
vn 0.6039 -0.1565 0.7815
vn 0.6237 -0.1011 0.7751
vn 0.5838 -0.1491 0.7981
vn 0.5805 -0.1516 0.8000
vn 0.5734 -0.1522 0.8050
vn 0.5734 -0.1539 0.8047
vn 0.5856 -0.1465 0.7973
vn 0.5722 -0.1633 0.8037
vn 0.6670 -0.1191 0.7355
vn 0.6724 -0.0873 0.7350
vn 0.7736 -0.0753 0.6291
vn 0.7628 -0.0702 0.6428
vn 0.8586 -0.0639 0.5086
vn 0.8782 -0.0436 0.4764
vn 0.9194 -0.0344 0.3918
vn 0.9507 -0.0375 0.3079
vn 0.9892 -0.0229 0.1451
vn 0.9473 0.0319 0.3187
vn 1.0000 0.0032 -0.0000
vn 0.9999 0.0148 0.0000
vn 0.9473 0.0319 -0.3187
vn 0.9892 -0.0229 -0.1451
vn 0.9194 -0.0344 -0.3918
vn 0.9507 -0.0375 -0.3079
vn 0.8784 -0.0437 -0.4760
vn 0.8587 -0.0643 -0.5085
vn 0.7871 -0.0671 -0.6132
vn 0.7673 -0.0880 -0.6353
vn 0.4016 0.8731 0.2765
vn 0.5066 0.8118 0.2905
vn 0.4996 0.8111 0.3043
vn 0.4004 0.8672 0.2961
vn 0.7697 0.0577 0.6358
vn 0.7737 0.0576 0.6309
vn 0.7721 0.0567 0.6330
vn 0.7683 0.0569 0.6376
vn 0.7802 0.0555 0.6231
vn 0.7781 0.0547 0.6257
vn 0.7881 0.0559 0.6129
vn 0.7859 0.0550 0.6159
vn -0.0338 -0.9896 0.1400
vn -0.0388 -0.9891 0.1420
vn -0.0377 -0.9892 0.1415
vn -0.0326 -0.9897 0.1393
vn -0.0728 -0.9921 0.1023
vn -0.0742 -0.9921 0.1010
vn -0.1004 -0.9936 0.0515
vn -0.1020 -0.9935 0.0513
vn -0.1124 -0.9937 -0.0019
vn -0.1155 -0.9933 -0.0039
vn -0.1115 -0.9927 -0.0460
vn -0.1142 -0.9924 -0.0464
vn -0.1032 -0.9947 0.0012
vn -0.1031 -0.9947 0.0014
vn -0.1143 -0.9924 0.0464
vn -0.1118 -0.9926 0.0476
vn -0.1143 -0.9935 0.0001
vn -0.1129 -0.9936 0.0031
vn -0.1018 -0.9935 -0.0519
vn -0.1009 -0.9936 -0.0506
vn -0.0721 -0.9920 -0.1037
vn -0.0729 -0.9921 -0.1022
vn -0.0379 -0.9892 -0.1413
vn -0.0383 -0.9891 -0.1424
vn -0.0343 -0.9898 -0.1380
vn -0.0347 -0.9896 -0.1392
vn 0.7858 0.0521 -0.6163
vn 0.7782 0.0566 -0.6254
vn 0.7802 0.0547 -0.6232
vn 0.7879 0.0502 -0.6137
vn 0.7722 0.0584 -0.6327
vn 0.7737 0.0568 -0.6310
vn 0.7684 0.0605 -0.6371
vn 0.7697 0.0591 -0.6356
vn 0.5086 0.8020 -0.3131
vn 0.3914 0.8749 -0.2854
vn 0.4079 0.8675 -0.2846
vn 0.5202 0.7980 -0.3042
vn 0.2454 0.9529 -0.1783
vn 0.2580 0.9493 -0.1798
vn 0.1075 0.9939 0.0245
vn 0.1135 0.9934 0.0169
vn 0.0513 0.9844 0.1681
vn 0.0482 0.9846 0.1679
vn -0.1252 0.7105 0.6925
vn -0.0072 0.8134 0.5817
vn -0.0214 0.8145 0.5797
vn -0.1419 0.7085 0.6913
vn 0.0842 0.8946 0.4388
vn 0.0713 0.8944 0.4417
vn 0.0702 0.8886 -0.4533
vn -0.0222 0.8134 -0.5812
vn -0.0077 0.8124 -0.5830
vn 0.0833 0.8851 -0.4579
vn -0.1348 0.7259 -0.6745
vn -0.1211 0.7223 -0.6809
vn 0.0471 0.9842 -0.1706
vn 0.1122 0.9935 -0.0198
vn 0.1148 0.9934 -0.0090
vn 0.0497 0.9837 -0.1730
vn 0.2544 0.9513 0.1740
vn 0.2522 0.9491 0.1886
vn -0.4963 -0.7289 -0.4715
vn -0.3230 -0.8167 -0.4782
vn -0.3400 -0.8068 -0.4832
vn -0.5044 -0.7282 -0.4640
vn -0.1336 -0.9269 -0.3507
vn -0.1457 -0.9219 -0.3590
vn -0.0559 -0.9589 -0.2783
vn -0.0585 -0.9591 -0.2771
vn 0.1461 -0.9815 0.1241
vn 0.1205 -0.9839 0.1320
vn 0.1236 -0.9836 0.1311
vn 0.1493 -0.9811 0.1231
vn 0.3347 -0.6546 0.6779
vn 0.2821 -0.7543 0.5929
vn 0.2842 -0.7571 0.5883
vn 0.3371 -0.6542 0.6771
vn 0.2185 -0.8466 0.4853
vn 0.2219 -0.8458 0.4851
vn 0.2221 -0.8433 -0.4893
vn 0.2851 -0.7544 -0.5912
vn 0.2810 -0.7582 -0.5883
vn 0.2177 -0.8436 -0.4909
vn 0.3362 -0.6571 -0.6747
vn 0.3340 -0.6570 -0.6758
vn 0.1253 -0.9829 -0.1347
vn 0.1470 -0.9820 -0.1184
vn 0.1443 -0.9822 -0.1205
vn 0.1225 -0.9830 -0.1368
vn -0.0605 -0.9580 0.2802
vn -0.1397 -0.9264 0.3497
vn -0.1435 -0.9196 0.3658
vn -0.0581 -0.9575 0.2824
vn -0.3314 -0.8167 0.4724
vn -0.3346 -0.8035 0.4924
vn -0.4955 -0.7409 0.4533
vn -0.4879 -0.7396 0.4637
vn -0.6840 -0.0976 0.7229
vn -0.6507 -0.0894 0.7541
vn -0.6524 -0.0896 0.7525
vn -0.6888 -0.0981 0.7183
vn -0.6655 -0.0655 0.7435
vn -0.6599 -0.0655 0.7485
vn -0.7520 -0.0466 0.6575
vn -0.7429 -0.0465 0.6678
vn 0.0522 0.9615 0.2699
vn 0.1513 0.9361 0.3177
vn 0.1457 0.9379 0.3148
vn 0.0430 0.9643 0.2613
vn 0.2222 0.9460 0.2361
vn 0.2225 0.9461 0.2354
vn 0.2856 0.9464 0.1511
vn 0.2869 0.9461 0.1503
vn 0.3075 0.9498 0.0571
vn 0.3099 0.9492 0.0543
vn 0.3274 0.9446 -0.0238
vn 0.3279 0.9444 -0.0242
vn 0.3283 0.9446 0.0001
vn 0.3279 0.9444 0.0242
vn 0.3276 0.9445 0.0247
vn 0.3091 0.9493 -0.0568
vn 0.3090 0.9496 -0.0531
vn 0.2856 0.9461 -0.1527
vn 0.2854 0.9463 -0.1515
vn 0.2222 0.9461 -0.2358
vn 0.2228 0.9461 -0.2352
vn 0.1408 0.9373 -0.3188
vn 0.1422 0.9346 -0.3261
vn 0.0592 0.9670 -0.2477
vn 0.0654 0.9633 -0.2602
vn -0.7415 -0.0303 -0.6703
vn -0.6604 -0.0742 -0.7472
vn -0.6659 -0.0720 -0.7426
vn -0.7495 -0.0266 -0.6615
vn -0.6526 -0.0950 -0.7517
vn -0.6509 -0.0957 -0.7531
vn -0.6889 -0.0874 -0.7195
vn -0.6838 -0.0897 -0.7241
vn 0.2137 -0.6759 0.7053
vn -0.0066 -0.9823 0.1874
vn -0.2218 -0.9650 -0.1403
vn -0.3700 -0.8962 -0.2449
vn -0.5576 -0.7582 -0.3380
vn -0.8109 -0.0600 -0.5821
vn -0.8126 -0.0517 -0.5805
vn -0.8004 -0.0497 -0.5974
vn 0.0549 0.9830 -0.1754
vn 0.0597 0.9777 -0.2011
vn 0.1394 0.9864 -0.0875
vn 0.1417 0.9874 -0.0708
vn 0.1652 0.9851 0.0486
vn 0.1525 0.9873 0.0452
vn 0.1525 0.9873 -0.0452
vn 0.1652 0.9851 -0.0486
vn 0.1417 0.9874 0.0708
vn 0.1394 0.9864 0.0875
vn 0.0597 0.9777 0.2011
vn 0.0549 0.9830 0.1754
vn -0.8007 -0.0493 0.5970
vn -0.8131 -0.0518 0.5798
vn -0.8111 -0.0602 0.5818
vn -0.5487 -0.7618 0.3443
vn -0.3628 -0.8963 0.2551
vn -0.2194 -0.9648 0.1449
vn -0.0066 -0.9823 -0.1874
vn 0.2137 -0.6759 -0.7053
vn 0.0185 -0.8862 -0.4629
vn 0.0185 -0.8862 0.4629
# 985 vertex normals

vt 0.4678 0.3527 0.0000
vt 0.4683 0.3525 0.0000
vt 0.4749 0.3583 0.0000
vt 0.4752 0.3585 0.0000
vt 0.4696 0.3540 0.0000
vt 0.4692 0.3538 0.0000
vt 0.4745 0.3581 0.0000
vt 0.4688 0.3536 0.0000
vt 0.4741 0.3581 0.0000
vt 0.4684 0.3534 0.0000
vt 0.4737 0.3581 0.0000
vt 0.4686 0.3517 0.0000
vt 0.4682 0.3517 0.0000
vt 0.4732 0.3584 0.0000
vt 0.4679 0.3517 0.0000
vt 0.4727 0.3586 0.0000
vt 0.4793 0.3560 0.0000
vt 0.4796 0.3560 0.0000
vt 0.4722 0.3584 0.0000
vt 0.4800 0.3560 0.0000
vt 0.4718 0.3581 0.0000
vt 0.4665 0.3534 0.0000
vt 0.4660 0.3536 0.0000
vt 0.4714 0.3581 0.0000
vt 0.4656 0.3538 0.0000
vt 0.4709 0.3581 0.0000
vt 0.4653 0.3540 0.0000
vt 0.4706 0.3583 0.0000
vt 0.4812 0.3509 0.0000
vt 0.4807 0.3507 0.0000
vt 0.4702 0.3585 0.0000
vt 0.4803 0.3507 0.0000
vt 0.4702 0.3588 0.0000
vt 0.4799 0.3508 0.0000
vt 0.4701 0.3592 0.0000
vt 0.4793 0.3508 0.0000
vt 0.4701 0.3595 0.0000
vt 0.4829 0.3505 0.0000
vt 0.4826 0.3503 0.0000
vt 0.4704 0.3596 0.0000
vt 0.4822 0.3500 0.0000
vt 0.4708 0.3597 0.0000
vt 0.4818 0.3499 0.0000
vt 0.4712 0.3597 0.0000
vt 0.4813 0.3497 0.0000
vt 0.4717 0.3597 0.0000
vt 0.4808 0.3496 0.0000
vt 0.4722 0.3597 0.0000
vt 0.4803 0.3496 0.0000
vt 0.4727 0.3597 0.0000
vt 0.4797 0.3496 0.0000
vt 0.4733 0.3597 0.0000
vt 0.4792 0.3497 0.0000
vt 0.4738 0.3597 0.0000
vt 0.4787 0.3499 0.0000
vt 0.4743 0.3597 0.0000
vt 0.4783 0.3500 0.0000
vt 0.4747 0.3597 0.0000
vt 0.4779 0.3503 0.0000
vt 0.4751 0.3596 0.0000
vt 0.4776 0.3505 0.0000
vt 0.4754 0.3595 0.0000
vt 0.4664 0.3525 0.0000
vt 0.4670 0.3526 0.0000
vt 0.4753 0.3592 0.0000
vt 0.4674 0.3526 0.0000
vt 0.4753 0.3588 0.0000
vt 0.3577 0.3619 0.0000
vt 0.3452 0.3602 0.0000
vt 0.3664 0.3290 0.0000
vt 0.3805 0.3311 0.0000
vt 0.3326 0.3771 0.0000
vt 0.3219 0.3759 0.0000
vt 0.6175 0.7488 0.0000
vt 0.6091 0.7342 0.0000
vt 0.6364 0.7140 0.0000
vt 0.6471 0.7267 0.0000
vt 0.5836 0.7654 0.0000
vt 0.5781 0.7493 0.0000
vt 0.5502 0.7741 0.0000
vt 0.5476 0.7573 0.0000
vt 0.5204 0.7764 0.0000
vt 0.5204 0.7593 0.0000
vt 0.4906 0.7741 0.0000
vt 0.4932 0.7573 0.0000
vt 0.4572 0.7654 0.0000
vt 0.4627 0.7493 0.0000
vt 0.4233 0.7488 0.0000
vt 0.4317 0.7342 0.0000
vt 0.3937 0.7267 0.0000
vt 0.4044 0.7140 0.0000
vt 0.0540 0.3619 0.0000
vt 0.0666 0.3602 0.0000
vt 0.0899 0.3759 0.0000
vt 0.0792 0.3771 0.0000
vt 0.0313 0.3311 0.0000
vt 0.0454 0.3290 0.0000
vt 0.3682 0.3824 0.0000
vt 0.3879 0.4118 0.0000
vt 0.3739 0.4226 0.0000
vt 0.3528 0.3907 0.0000
vt 0.4114 0.4344 0.0000
vt 0.3992 0.4472 0.0000
vt 0.4402 0.4530 0.0000
vt 0.4305 0.4676 0.0000
vt 0.4729 0.4669 0.0000
vt 0.4662 0.4828 0.0000
vt 0.5082 0.4753 0.0000
vt 0.5049 0.4921 0.0000
vt 0.5433 0.4780 0.0000
vt 0.5433 0.4951 0.0000
vt 0.5784 0.4753 0.0000
vt 0.5818 0.4921 0.0000
vt 0.6138 0.4669 0.0000
vt 0.6205 0.4828 0.0000
vt 0.6465 0.4530 0.0000
vt 0.6561 0.4676 0.0000
vt 0.6753 0.4344 0.0000
vt 0.6875 0.4472 0.0000
vt 0.6988 0.4118 0.0000
vt 0.7128 0.4226 0.0000
vt 0.7185 0.3824 0.0000
vt 0.7339 0.3907 0.0000
vt 0.3712 0.2970 0.0000
vt 0.3857 0.2991 0.0000
vt 0.3758 0.2646 0.0000
vt 0.3907 0.2669 0.0000
vt 0.3810 0.2215 0.0000
vt 0.3964 0.2237 0.0000
vt 0.0260 0.2991 0.0000
vt 0.0405 0.2970 0.0000
vt 0.0210 0.2669 0.0000
vt 0.0359 0.2646 0.0000
vt 0.0153 0.2237 0.0000
vt 0.0307 0.2215 0.0000
vt 0.0377 0.1364 0.0000
vt 0.0603 0.1622 0.0000
vt 0.0519 0.1737 0.0000
vt 0.0289 0.1431 0.0000
vt 0.0849 0.1755 0.0000
vt 0.0774 0.1889 0.0000
vt 0.1121 0.1814 0.0000
vt 0.1074 0.1954 0.0000
vt 0.1412 0.1737 0.0000
vt 0.1418 0.1860 0.0000
vt 0.1721 0.1442 0.0000
vt 0.1757 0.1538 0.0000
vt 0.2059 0.1282 0.0000
vt 0.2059 0.1385 0.0000
vt 0.2396 0.1442 0.0000
vt 0.2361 0.1538 0.0000
vt 0.2705 0.1737 0.0000
vt 0.2700 0.1860 0.0000
vt 0.2996 0.1814 0.0000
vt 0.3043 0.1954 0.0000
vt 0.3268 0.1755 0.0000
vt 0.3344 0.1889 0.0000
vt 0.3514 0.1622 0.0000
vt 0.3599 0.1737 0.0000
vt 0.3740 0.1364 0.0000
vt 0.3828 0.1431 0.0000
vt 0.3781 0.1090 0.0000
vt 0.3881 0.1111 0.0000
vt 0.3826 0.0787 0.0000
vt 0.3932 0.0788 0.0000
vt 0.3878 0.0431 0.0000
vt 0.3990 0.0357 0.0000
vt 0.3679 0.0368 0.0000
vt 0.3777 0.0263 0.0000
vt 0.3428 0.0299 0.0000
vt 0.3521 0.0189 0.0000
vt 0.3129 0.0270 0.0000
vt 0.3203 0.0156 0.0000
vt 0.2793 0.0246 0.0000
vt 0.2841 0.0128 0.0000
vt 0.2431 0.0265 0.0000
vt 0.2449 0.0148 0.0000
vt 0.2059 0.0283 0.0000
vt 0.2059 0.0167 0.0000
vt 0.1686 0.0265 0.0000
vt 0.1668 0.0148 0.0000
vt 0.1324 0.0246 0.0000
vt 0.1276 0.0128 0.0000
vt 0.0989 0.0270 0.0000
vt 0.0914 0.0156 0.0000
vt 0.0689 0.0299 0.0000
vt 0.0597 0.0189 0.0000
vt 0.0438 0.0368 0.0000
vt 0.0340 0.0263 0.0000
vt 0.0239 0.0431 0.0000
vt 0.0127 0.0357 0.0000
vt 0.0292 0.0787 0.0000
vt 0.0185 0.0788 0.0000
vt 0.0337 0.1090 0.0000
vt 0.0236 0.1111 0.0000
vt 0.3367 0.3560 0.0000
vt 0.3566 0.3262 0.0000
vt 0.3649 0.3273 0.0000
vt 0.3440 0.3569 0.0000
vt 0.3148 0.3715 0.0000
vt 0.3210 0.3721 0.0000
vt 0.5494 0.5231 0.0000
vt 0.5743 0.5050 0.0000
vt 0.5805 0.5129 0.0000
vt 0.5543 0.5320 0.0000
vt 0.5218 0.5367 0.0000
vt 0.5251 0.5464 0.0000
vt 0.4936 0.5444 0.0000
vt 0.4953 0.5546 0.0000
vt 0.4654 0.5467 0.0000
vt 0.4654 0.5571 0.0000
vt 0.4371 0.5444 0.0000
vt 0.4355 0.5546 0.0000
vt 0.4089 0.5367 0.0000
vt 0.4056 0.5464 0.0000
vt 0.3814 0.5231 0.0000
vt 0.3765 0.5320 0.0000
vt 0.3564 0.5050 0.0000
vt 0.3502 0.5129 0.0000
vt 0.0750 0.3560 0.0000
vt 0.0969 0.3715 0.0000
vt 0.0907 0.3721 0.0000
vt 0.0677 0.3569 0.0000
vt 0.0551 0.3262 0.0000
vt 0.0468 0.3273 0.0000
vt 0.0217 0.7008 0.0000
vt 0.0397 0.7266 0.0000
vt 0.0315 0.7333 0.0000
vt 0.0127 0.7061 0.0000
vt 0.0618 0.7477 0.0000
vt 0.0547 0.7556 0.0000
vt 0.0888 0.7651 0.0000
vt 0.0832 0.7740 0.0000
vt 0.1194 0.7781 0.0000
vt 0.1155 0.7878 0.0000
vt 0.1525 0.7860 0.0000
vt 0.1505 0.7962 0.0000
vt 0.1860 0.7887 0.0000
vt 0.1860 0.7990 0.0000
vt 0.2195 0.7860 0.0000
vt 0.2215 0.7962 0.0000
vt 0.2526 0.7781 0.0000
vt 0.2565 0.7878 0.0000
vt 0.2832 0.7651 0.0000
vt 0.2888 0.7740 0.0000
vt 0.3102 0.7477 0.0000
vt 0.3173 0.7556 0.0000
vt 0.3323 0.7266 0.0000
vt 0.3405 0.7333 0.0000
vt 0.3503 0.7008 0.0000
vt 0.3593 0.7061 0.0000
vt 0.3608 0.2955 0.0000
vt 0.3693 0.2967 0.0000
vt 0.3651 0.2633 0.0000
vt 0.3739 0.2645 0.0000
vt 0.3701 0.2226 0.0000
vt 0.3791 0.2239 0.0000
vt 0.0509 0.2955 0.0000
vt 0.0424 0.2967 0.0000
vt 0.0466 0.2633 0.0000
vt 0.0378 0.2645 0.0000
vt 0.0416 0.2226 0.0000
vt 0.0326 0.2239 0.0000
vt 0.3193 0.5085 0.0000
vt 0.3309 0.5100 0.0000
vt 0.3107 0.5414 0.0000
vt 0.3004 0.5402 0.0000
vt 0.2885 0.5574 0.0000
vt 0.2798 0.5565 0.0000
vt 0.9207 0.3304 0.0000
vt 0.9294 0.3418 0.0000
vt 0.9036 0.3609 0.0000
vt 0.8968 0.3480 0.0000
vt 0.8742 0.3752 0.0000
vt 0.8698 0.3611 0.0000
vt 0.8454 0.6570 0.0000
vt 0.8429 0.6708 0.0000
vt 0.8103 0.6721 0.0000
vt 0.8131 0.6577 0.0000
vt 0.7950 0.6711 0.0000
vt 0.7978 0.6565 0.0000
vt 0.8217 0.3457 0.0000
vt 0.8250 0.3601 0.0000
vt 0.8098 0.3617 0.0000
vt 0.8065 0.3474 0.0000
vt 0.7772 0.3616 0.0000
vt 0.7742 0.3479 0.0000
vt 0.7697 0.3611 0.0000
vt 0.7653 0.3752 0.0000
vt 0.7359 0.3609 0.0000
vt 0.7427 0.3480 0.0000
vt 0.7100 0.3418 0.0000
vt 0.7187 0.3304 0.0000
vt 0.0778 0.5565 0.0000
vt 0.0691 0.5574 0.0000
vt 0.0469 0.5414 0.0000
vt 0.0572 0.5402 0.0000
vt 0.0266 0.5100 0.0000
vt 0.0382 0.5085 0.0000
vt 0.4142 0.5955 0.0000
vt 0.4027 0.6054 0.0000
vt 0.3838 0.5774 0.0000
vt 0.3965 0.5696 0.0000
vt 0.4350 0.6153 0.0000
vt 0.4250 0.6268 0.0000
vt 0.4602 0.6315 0.0000
vt 0.4524 0.6444 0.0000
vt 0.4887 0.6435 0.0000
vt 0.4833 0.6574 0.0000
vt 0.5194 0.6508 0.0000
vt 0.5167 0.6654 0.0000
vt 0.5499 0.6531 0.0000
vt 0.5499 0.6679 0.0000
vt 0.5803 0.6508 0.0000
vt 0.5830 0.6654 0.0000
vt 0.6110 0.6435 0.0000
vt 0.6164 0.6574 0.0000
vt 0.6395 0.6315 0.0000
vt 0.6473 0.6444 0.0000
vt 0.6648 0.6153 0.0000
vt 0.6747 0.6268 0.0000
vt 0.6855 0.5955 0.0000
vt 0.6970 0.6054 0.0000
vt 0.7032 0.5696 0.0000
vt 0.7159 0.5774 0.0000
vt 0.3236 0.4763 0.0000
vt 0.3355 0.4779 0.0000
vt 0.3276 0.4439 0.0000
vt 0.3399 0.4455 0.0000
vt 0.3322 0.4007 0.0000
vt 0.3448 0.4023 0.0000
vt 0.0220 0.4779 0.0000
vt 0.0340 0.4763 0.0000
vt 0.0177 0.4455 0.0000
vt 0.0299 0.4439 0.0000
vt 0.0127 0.4023 0.0000
vt 0.0254 0.4007 0.0000
vt 0.7958 0.0995 0.0000
vt 0.7647 0.0719 0.0000
vt 0.7680 0.0699 0.0000
vt 0.7976 0.0962 0.0000
vt 0.7490 0.0481 0.0000
vt 0.7528 0.0470 0.0000
vt 0.7418 0.0280 0.0000
vt 0.7458 0.0279 0.0000
vt 0.7508 0.0128 0.0000
vt 0.7542 0.0135 0.0000
vt 0.2635 0.3741 0.0000
vt 0.2330 0.3422 0.0000
vt 0.2358 0.3391 0.0000
vt 0.2656 0.3707 0.0000
vt 0.2059 0.3270 0.0000
vt 0.2059 0.3229 0.0000
vt 0.1787 0.3422 0.0000
vt 0.1760 0.3391 0.0000
vt 0.1482 0.3741 0.0000
vt 0.1461 0.3707 0.0000
vt 0.7525 0.4697 0.0000
vt 0.7436 0.4546 0.0000
vt 0.7476 0.4547 0.0000
vt 0.7560 0.4690 0.0000
vt 0.7508 0.4344 0.0000
vt 0.7545 0.4355 0.0000
vt 0.7664 0.4106 0.0000
vt 0.7698 0.4127 0.0000
vt 0.7976 0.3830 0.0000
vt 0.7993 0.3863 0.0000
vt 0.8297 0.3825 0.0000
vt 0.8300 0.3861 0.0000
vt 0.8620 0.3824 0.0000
vt 0.8622 0.3860 0.0000
vt 0.9052 0.3841 0.0000
vt 0.9028 0.3868 0.0000
vt 0.9140 0.4135 0.0000
vt 0.9102 0.4140 0.0000
vt 0.9209 0.4361 0.0000
vt 0.9169 0.4363 0.0000
vt 0.9236 0.4547 0.0000
vt 0.9196 0.4547 0.0000
vt 0.9259 0.4686 0.0000
vt 0.9218 0.4685 0.0000
vt 0.1354 0.2008 0.0000
vt 0.1708 0.2031 0.0000
vt 0.1704 0.2071 0.0000
vt 0.1354 0.2048 0.0000
vt 0.2059 0.2051 0.0000
vt 0.2059 0.2091 0.0000
vt 0.2410 0.2031 0.0000
vt 0.2414 0.2071 0.0000
vt 0.2763 0.2008 0.0000
vt 0.2764 0.2048 0.0000
vt 0.9241 0.0140 0.0000
vt 0.9218 0.0278 0.0000
vt 0.9178 0.0278 0.0000
vt 0.9201 0.0141 0.0000
vt 0.9191 0.0464 0.0000
vt 0.9152 0.0463 0.0000
vt 0.9123 0.0690 0.0000
vt 0.9084 0.0685 0.0000
vt 0.9034 0.0984 0.0000
vt 0.9010 0.0957 0.0000
vt 0.8602 0.1001 0.0000
vt 0.8604 0.0965 0.0000
vt 0.8279 0.1001 0.0000
vt 0.8282 0.0965 0.0000
vt 0.4385 0.1715 0.0000
vt 0.4182 0.1401 0.0000
vt 0.4197 0.1384 0.0000
vt 0.4396 0.1682 0.0000
vt 0.4137 0.1080 0.0000
vt 0.4154 0.1077 0.0000
vt 0.4093 0.0756 0.0000
vt 0.4111 0.0755 0.0000
vt 0.4043 0.0324 0.0000
vt 0.4061 0.0349 0.0000
vt 0.4233 0.0238 0.0000
vt 0.4241 0.0277 0.0000
vt 0.4456 0.0172 0.0000
vt 0.4462 0.0212 0.0000
vt 0.4729 0.0148 0.0000
vt 0.4732 0.0188 0.0000
vt 0.5039 0.0128 0.0000
vt 0.5038 0.0168 0.0000
vt 0.5373 0.0153 0.0000
vt 0.5369 0.0193 0.0000
vt 0.5704 0.0174 0.0000
vt 0.5704 0.0214 0.0000
vt 0.6036 0.0153 0.0000
vt 0.6039 0.0193 0.0000
vt 0.6369 0.0128 0.0000
vt 0.6370 0.0168 0.0000
vt 0.6679 0.0148 0.0000
vt 0.6676 0.0188 0.0000
vt 0.6952 0.0172 0.0000
vt 0.6946 0.0212 0.0000
vt 0.7176 0.0238 0.0000
vt 0.7167 0.0277 0.0000
vt 0.7365 0.0324 0.0000
vt 0.7347 0.0349 0.0000
vt 0.7315 0.0756 0.0000
vt 0.7297 0.0755 0.0000
vt 0.7272 0.1080 0.0000
vt 0.7254 0.1077 0.0000
vt 0.7226 0.1401 0.0000
vt 0.7212 0.1384 0.0000
vt 0.7023 0.1715 0.0000
vt 0.7012 0.1682 0.0000
vt 0.6801 0.1875 0.0000
vt 0.6793 0.1837 0.0000
vt 0.6543 0.1949 0.0000
vt 0.6544 0.1909 0.0000
vt 0.6249 0.1862 0.0000
vt 0.6268 0.1827 0.0000
vt 0.5961 0.1544 0.0000
vt 0.5986 0.1513 0.0000
vt 0.5704 0.1392 0.0000
vt 0.5704 0.1352 0.0000
vt 0.5448 0.1544 0.0000
vt 0.5422 0.1513 0.0000
vt 0.5159 0.1862 0.0000
vt 0.5140 0.1827 0.0000
vt 0.4866 0.1949 0.0000
vt 0.4864 0.1909 0.0000
vt 0.4607 0.1875 0.0000
vt 0.4615 0.1837 0.0000
vt 0.0400 0.1361 0.0000
vt 0.0623 0.1619 0.0000
vt 0.0147 0.8416 0.0000
vt 0.0391 0.8632 0.0000
vt 0.0374 0.8654 0.0000
vt 0.0127 0.8435 0.0000
vt 0.0659 0.8810 0.0000
vt 0.0645 0.8834 0.0000
vt 0.0946 0.8942 0.0000
vt 0.0936 0.8969 0.0000
vt 0.1923 0.2803 0.0000
vt 0.1619 0.2767 0.0000
vt 0.1615 0.2740 0.0000
vt 0.1919 0.2777 0.0000
vt 0.1457 0.2764 0.0000
vt 0.1453 0.2737 0.0000
vt 0.6224 0.0303 0.0000
vt 0.6063 0.0300 0.0000
vt 0.6068 0.0273 0.0000
vt 0.6229 0.0276 0.0000
vt 0.5757 0.0324 0.0000
vt 0.5762 0.0298 0.0000
vt 0.2220 0.8942 0.0000
vt 0.2507 0.8810 0.0000
vt 0.2521 0.8834 0.0000
vt 0.2230 0.8969 0.0000
vt 0.2775 0.8632 0.0000
vt 0.2792 0.8654 0.0000
vt 0.3019 0.8416 0.0000
vt 0.3039 0.8435 0.0000
vt 0.3494 0.1619 0.0000
vt 0.3717 0.1361 0.0000
vt 0.3757 0.1086 0.0000
vt 0.3801 0.0784 0.0000
vt 0.3854 0.0427 0.0000
vt 0.0152 0.6025 0.0000
vt 0.0349 0.6272 0.0000
vt 0.0327 0.6291 0.0000
vt 0.0127 0.6041 0.0000
vt 0.0597 0.6488 0.0000
vt 0.0577 0.6510 0.0000
vt 0.0892 0.6666 0.0000
vt 0.0877 0.6691 0.0000
vt 0.1223 0.6799 0.0000
vt 0.1213 0.6825 0.0000
vt 0.1580 0.6880 0.0000
vt 0.1574 0.6908 0.0000
vt 0.1947 0.6908 0.0000
vt 0.1947 0.6936 0.0000
vt 0.2314 0.6880 0.0000
vt 0.2320 0.6908 0.0000
vt 0.2671 0.6799 0.0000
vt 0.2681 0.6825 0.0000
vt 0.3002 0.6666 0.0000
vt 0.3017 0.6691 0.0000
vt 0.3297 0.6488 0.0000
vt 0.3317 0.6510 0.0000
vt 0.3545 0.6272 0.0000
vt 0.3567 0.6291 0.0000
vt 0.3742 0.6025 0.0000
vt 0.3767 0.6041 0.0000
vt 0.0264 0.0427 0.0000
vt 0.0316 0.0784 0.0000
vt 0.0360 0.1086 0.0000
vt 0.3828 0.3315 0.0000
vt 0.3599 0.3622 0.0000
vt 0.3881 0.2995 0.0000
vt 0.3932 0.2672 0.0000
vt 0.3990 0.2241 0.0000
vt 0.3715 0.4243 0.0000
vt 0.3502 0.3920 0.0000
vt 0.3971 0.4493 0.0000
vt 0.4289 0.4700 0.0000
vt 0.4651 0.4854 0.0000
vt 0.5043 0.4949 0.0000
vt 0.5433 0.4979 0.0000
vt 0.5824 0.4949 0.0000
vt 0.6216 0.4854 0.0000
vt 0.6578 0.4700 0.0000
vt 0.6895 0.4493 0.0000
vt 0.7152 0.4243 0.0000
vt 0.7365 0.3920 0.0000
vt 0.0185 0.2672 0.0000
vt 0.0127 0.2241 0.0000
vt 0.0236 0.2995 0.0000
vt 0.0289 0.3315 0.0000
vt 0.0519 0.3622 0.0000
vt 0.3685 0.7008 0.0000
vt 0.3919 0.7288 0.0000
vt 0.3664 0.7024 0.0000
vt 0.4219 0.7512 0.0000
vt 0.4563 0.7680 0.0000
vt 0.4902 0.7769 0.0000
vt 0.5204 0.7792 0.0000
vt 0.5506 0.7769 0.0000
vt 0.5845 0.7680 0.0000
vt 0.6189 0.7512 0.0000
vt 0.6489 0.7288 0.0000
vt 0.6723 0.7008 0.0000
vt 0.6744 0.7024 0.0000
vt 0.2959 0.5360 0.0000
vt 0.3141 0.5061 0.0000
vt 0.2762 0.5519 0.0000
vt 0.2559 0.5643 0.0000
vt 0.2539 0.5594 0.0000
vt 0.2288 0.5558 0.0000
vt 0.2294 0.5517 0.0000
vt 0.2023 0.5242 0.0000
vt 0.2043 0.5206 0.0000
vt 0.1788 0.5091 0.0000
vt 0.1788 0.5044 0.0000
vt 0.1552 0.5242 0.0000
vt 0.1532 0.5206 0.0000
vt 0.1288 0.5558 0.0000
vt 0.1281 0.5517 0.0000
vt 0.1017 0.5643 0.0000
vt 0.1037 0.5594 0.0000
vt 0.0814 0.5519 0.0000
vt 0.0616 0.5360 0.0000
vt 0.0435 0.5061 0.0000
vt 0.0398 0.4756 0.0000
vt 0.0359 0.4433 0.0000
vt 0.0314 0.4031 0.0000
vt 0.0431 0.3924 0.0000
vt 0.0478 0.3966 0.0000
vt 0.0639 0.3862 0.0000
vt 0.0677 0.3906 0.0000
vt 0.0892 0.3841 0.0000
vt 0.0920 0.3886 0.0000
vt 0.1177 0.3824 0.0000
vt 0.1193 0.3870 0.0000
vt 0.1483 0.3851 0.0000
vt 0.1488 0.3898 0.0000
vt 0.1788 0.3872 0.0000
vt 0.1788 0.3919 0.0000
vt 0.2092 0.3851 0.0000
vt 0.2087 0.3898 0.0000
vt 0.2399 0.3824 0.0000
vt 0.2382 0.3870 0.0000
vt 0.2684 0.3841 0.0000
vt 0.2656 0.3886 0.0000
vt 0.2937 0.3862 0.0000
vt 0.2898 0.3906 0.0000
vt 0.3144 0.3924 0.0000
vt 0.3098 0.3966 0.0000
vt 0.3262 0.4031 0.0000
vt 0.3217 0.4433 0.0000
vt 0.3178 0.4756 0.0000
vt 0.1668 0.2972 0.0000
vt 0.1979 0.3002 0.0000
vt 0.1718 0.3176 0.0000
vt 0.2035 0.3201 0.0000
vt 0.1502 0.2971 0.0000
vt 0.1548 0.3177 0.0000
vt 0.6171 0.0508 0.0000
vt 0.6005 0.0502 0.0000
vt 0.6117 0.0713 0.0000
vt 0.5947 0.0705 0.0000
vt 0.5693 0.0520 0.0000
vt 0.5629 0.0717 0.0000
vt 0.2169 0.8737 0.0000
vt 0.2432 0.8612 0.0000
vt 0.2117 0.8532 0.0000
vt 0.2356 0.8414 0.0000
vt 0.2677 0.8444 0.0000
vt 0.2579 0.8255 0.0000
vt 0.2899 0.8239 0.0000
vt 0.2780 0.8061 0.0000
vt 0.3375 0.1627 0.0000
vt 0.3578 0.1354 0.0000
vt 0.3255 0.1634 0.0000
vt 0.3438 0.1347 0.0000
vt 0.3616 0.1070 0.0000
vt 0.3474 0.1054 0.0000
vt 0.3658 0.0757 0.0000
vt 0.3514 0.0730 0.0000
vt 0.3707 0.0388 0.0000
vt 0.3560 0.0348 0.0000
vt 0.0997 0.8737 0.0000
vt 0.0734 0.8612 0.0000
vt 0.1049 0.8532 0.0000
vt 0.0810 0.8414 0.0000
vt 0.0489 0.8444 0.0000
vt 0.0587 0.8255 0.0000
vt 0.0267 0.8239 0.0000
vt 0.0386 0.8061 0.0000
vt 0.0742 0.1627 0.0000
vt 0.0540 0.1354 0.0000
vt 0.0862 0.1634 0.0000
vt 0.0679 0.1347 0.0000
vt 0.0502 0.1070 0.0000
vt 0.0643 0.1054 0.0000
vt 0.0460 0.0757 0.0000
vt 0.0604 0.0730 0.0000
vt 0.0410 0.0388 0.0000
vt 0.0557 0.0348 0.0000
vt 0.3417 0.6095 0.0000
vt 0.3595 0.5861 0.0000
vt 0.3289 0.5917 0.0000
vt 0.3449 0.5696 0.0000
vt 0.3191 0.6300 0.0000
vt 0.3085 0.6111 0.0000
vt 0.2920 0.6468 0.0000
vt 0.2838 0.6270 0.0000
vt 0.2615 0.6594 0.0000
vt 0.2559 0.6388 0.0000
vt 0.2286 0.6671 0.0000
vt 0.2258 0.6461 0.0000
vt 0.1947 0.6697 0.0000
vt 0.1947 0.6486 0.0000
vt 0.1608 0.6671 0.0000
vt 0.1636 0.6461 0.0000
vt 0.1279 0.6594 0.0000
vt 0.1335 0.6388 0.0000
vt 0.0974 0.6468 0.0000
vt 0.1056 0.6270 0.0000
vt 0.0703 0.6300 0.0000
vt 0.0809 0.6111 0.0000
vt 0.0477 0.6095 0.0000
vt 0.0605 0.5917 0.0000
vt 0.0299 0.5861 0.0000
vt 0.0445 0.5696 0.0000
vt 0.2748 0.3201 0.0000
vt 0.2111 0.3201 0.0000
vt 0.2053 0.2646 0.0000
vt 0.2691 0.2646 0.0000
vt 0.8321 0.1232 0.0000
vt 0.8806 0.1270 0.0000
vt 0.8803 0.1311 0.0000
vt 0.8317 0.1273 0.0000
vt 0.6064 0.8115 0.0000
vt 0.6070 0.8596 0.0000
vt 0.5301 0.8582 0.0000
vt 0.5296 0.8101 0.0000
vt 0.8747 0.1670 0.0000
vt 0.8739 0.1629 0.0000
vt 0.9507 0.1368 0.0000
vt 0.9515 0.1408 0.0000
vt 0.8760 0.5275 0.0000
vt 0.8784 0.4795 0.0000
vt 0.9552 0.4811 0.0000
vt 0.9528 0.5291 0.0000
vt 0.7976 0.6179 0.0000
vt 0.7963 0.6218 0.0000
vt 0.7230 0.5870 0.0000
vt 0.7243 0.5830 0.0000
vt 0.8803 0.6126 0.0000
vt 0.8770 0.6346 0.0000
vt 0.7944 0.5258 0.0000
vt 0.7969 0.4778 0.0000
vt 0.7931 0.1704 0.0000
vt 0.7924 0.1482 0.0000
vt 0.6880 0.8130 0.0000
vt 0.6885 0.8611 0.0000
vt 0.9273 0.6324 0.0000
vt 0.9358 0.5696 0.0000
vt 0.7436 0.5325 0.0000
vt 0.7467 0.4769 0.0000
vt 0.7430 0.1706 0.0000
vt 0.7418 0.1072 0.0000
vt 0.7378 0.8061 0.0000
vt 0.7387 0.8619 0.0000
vt 0.5533 0.1323 0.0000
vt 0.5592 0.0768 0.0000
vt 0.6229 0.0769 0.0000
vt 0.6171 0.1324 0.0000
vt 0.8291 0.8288 0.0000
vt 0.8292 0.8247 0.0000
vt 0.8779 0.8265 0.0000
vt 0.8778 0.8306 0.0000
vt 0.6618 0.8726 0.0000
vt 0.7387 0.8712 0.0000
vt 0.7381 0.9193 0.0000
vt 0.6613 0.9207 0.0000
vt 0.8144 0.7044 0.0000
vt 0.8912 0.7305 0.0000
vt 0.8904 0.7346 0.0000
vt 0.8136 0.7084 0.0000
vt 0.3902 0.9246 0.0000
vt 0.3133 0.9261 0.0000
vt 0.3110 0.8781 0.0000
vt 0.3878 0.8766 0.0000
vt 0.3843 0.8258 0.0000
vt 0.3124 0.8634 0.0000
vt 0.3110 0.8595 0.0000
vt 0.3829 0.8219 0.0000
vt 0.4630 0.8061 0.0000
vt 0.4672 0.8280 0.0000
vt 0.4694 0.8751 0.0000
vt 0.4717 0.9231 0.0000
vt 0.7321 0.7232 0.0000
vt 0.7328 0.7010 0.0000
vt 0.5798 0.9222 0.0000
vt 0.5803 0.8741 0.0000
vt 0.5135 0.8064 0.0000
vt 0.5243 0.8689 0.0000
vt 0.5196 0.8742 0.0000
vt 0.5225 0.9299 0.0000
vt 0.6815 0.7641 0.0000
vt 0.6827 0.7008 0.0000
vt 0.5296 0.9230 0.0000
vt 0.5305 0.8672 0.0000
vt 0.4165 0.3161 0.0000
vt 0.4214 0.3009 0.0000
vt 0.4393 0.3219 0.0000
vt 0.4348 0.3448 0.0000
vt 0.4189 0.2791 0.0000
vt 0.4130 0.2867 0.0000
vt 0.4161 0.2550 0.0000
vt 0.4090 0.2543 0.0000
vt 0.4043 0.2161 0.0000
vt 0.4128 0.2266 0.0000
vt 0.4291 0.2221 0.0000
vt 0.4203 0.2106 0.0000
vt 0.4407 0.2045 0.0000
vt 0.4491 0.2171 0.0000
vt 0.4725 0.2154 0.0000
vt 0.4654 0.2025 0.0000
vt 0.4933 0.2008 0.0000
vt 0.4984 0.2139 0.0000
vt 0.5261 0.2158 0.0000
vt 0.5234 0.2035 0.0000
vt 0.5545 0.2173 0.0000
vt 0.5545 0.2056 0.0000
vt 0.5856 0.2035 0.0000
vt 0.5830 0.2158 0.0000
vt 0.6157 0.2008 0.0000
vt 0.6106 0.2139 0.0000
vt 0.6365 0.2154 0.0000
vt 0.6436 0.2025 0.0000
vt 0.6683 0.2045 0.0000
vt 0.6599 0.2171 0.0000
vt 0.6799 0.2221 0.0000
vt 0.6887 0.2106 0.0000
vt 0.7047 0.2161 0.0000
vt 0.6962 0.2266 0.0000
vt 0.6929 0.2550 0.0000
vt 0.7000 0.2543 0.0000
vt 0.6901 0.2791 0.0000
vt 0.6961 0.2867 0.0000
vt 0.6925 0.3161 0.0000
vt 0.6876 0.3009 0.0000
vt 0.6697 0.3219 0.0000
vt 0.6742 0.3448 0.0000
vt 0.6500 0.3330 0.0000
vt 0.6541 0.3602 0.0000
vt 0.6318 0.3674 0.0000
vt 0.6284 0.3381 0.0000
vt 0.6080 0.3601 0.0000
vt 0.6053 0.3324 0.0000
vt 0.5808 0.3092 0.0000
vt 0.5825 0.3291 0.0000
vt 0.5545 0.2966 0.0000
vt 0.5545 0.3122 0.0000
vt 0.5265 0.3291 0.0000
vt 0.5282 0.3092 0.0000
vt 0.5011 0.3601 0.0000
vt 0.5037 0.3324 0.0000
vt 0.4806 0.3381 0.0000
vt 0.4772 0.3674 0.0000
vt 0.4590 0.3330 0.0000
vt 0.4549 0.3602 0.0000
vt 0.7923 0.7574 0.0000
vt 0.8172 0.7457 0.0000
vt 0.8162 0.7522 0.0000
vt 0.7913 0.7631 0.0000
vt 0.8390 0.7490 0.0000
vt 0.8379 0.7557 0.0000
vt 0.8630 0.7528 0.0000
vt 0.8619 0.7596 0.0000
vt 0.8912 0.7571 0.0000
vt 0.8901 0.7641 0.0000
vt 0.2961 0.9096 0.0000
vt 0.2798 0.9291 0.0000
vt 0.2735 0.9226 0.0000
vt 0.2891 0.9040 0.0000
vt 0.2598 0.9460 0.0000
vt 0.2544 0.9386 0.0000
vt 0.2364 0.9598 0.0000
vt 0.2322 0.9517 0.0000
vt 0.2105 0.9700 0.0000
vt 0.2076 0.9614 0.0000
vt 0.1829 0.9762 0.0000
vt 0.1814 0.9674 0.0000
vt 0.1544 0.9784 0.0000
vt 0.1544 0.9694 0.0000
vt 0.1260 0.9762 0.0000
vt 0.1275 0.9674 0.0000
vt 0.0983 0.9700 0.0000
vt 0.1012 0.9614 0.0000
vt 0.0724 0.9598 0.0000
vt 0.0766 0.9517 0.0000
vt 0.0490 0.9460 0.0000
vt 0.0544 0.9386 0.0000
vt 0.0290 0.9291 0.0000
vt 0.0354 0.9226 0.0000
vt 0.0127 0.9096 0.0000
vt 0.0197 0.9040 0.0000
vt 0.2031 0.8865 0.0000
vt 0.1747 0.8897 0.0000
vt 0.1739 0.8829 0.0000
vt 0.2023 0.8795 0.0000
vt 0.1506 0.8925 0.0000
vt 0.1498 0.8858 0.0000
vt 0.1287 0.8950 0.0000
vt 0.1280 0.8884 0.0000
vt 0.1043 0.8824 0.0000
vt 0.1035 0.8766 0.0000
vt 0.9534 0.6465 0.0000
vt 0.9337 0.6633 0.0000
vt 0.9288 0.6560 0.0000
vt 0.9476 0.6399 0.0000
vt 0.9121 0.6771 0.0000
vt 0.9083 0.6691 0.0000
vt 0.8890 0.6873 0.0000
vt 0.8863 0.6788 0.0000
vt 0.1658 0.4934 0.0000
vt 0.1897 0.4917 0.0000
vt 0.1881 0.5004 0.0000
vt 0.1642 0.5018 0.0000
vt 0.2024 0.4920 0.0000
vt 0.2007 0.5009 0.0000
vt 0.8117 0.8184 0.0000
vt 0.7990 0.8192 0.0000
vt 0.7970 0.8105 0.0000
vt 0.8096 0.8096 0.0000
vt 0.7750 0.8183 0.0000
vt 0.7731 0.8100 0.0000
vt 0.7875 0.6873 0.0000
vt 0.7644 0.6771 0.0000
vt 0.7682 0.6691 0.0000
vt 0.7901 0.6788 0.0000
vt 0.7427 0.6633 0.0000
vt 0.7476 0.6560 0.0000
vt 0.7230 0.6465 0.0000
vt 0.7289 0.6399 0.0000
vt 0.6415 0.9837 0.0000
vt 0.6739 0.9649 0.0000
vt 0.6741 0.9688 0.0000
vt 0.6411 0.9872 0.0000
vt 0.6918 0.9475 0.0000
vt 0.6923 0.9517 0.0000
vt 0.7012 0.9324 0.0000
vt 0.7017 0.9368 0.0000
vt 0.9515 0.1228 0.0000
vt 0.9271 0.1348 0.0000
vt 0.9251 0.1303 0.0000
vt 0.9493 0.1185 0.0000
vt 0.1300 0.5009 0.0000
vt 0.1551 0.4698 0.0000
vt 0.1567 0.4710 0.0000
vt 0.1319 0.5018 0.0000
vt 0.1807 0.4536 0.0000
vt 0.1807 0.4558 0.0000
vt 0.2062 0.4698 0.0000
vt 0.2046 0.4710 0.0000
vt 0.2313 0.5009 0.0000
vt 0.2294 0.5018 0.0000
vt 0.8258 0.1348 0.0000
vt 0.8014 0.1228 0.0000
vt 0.8035 0.1185 0.0000
vt 0.8277 0.1303 0.0000
vt 0.7447 0.8672 0.0000
vt 0.7535 0.8827 0.0000
vt 0.7528 0.8869 0.0000
vt 0.7440 0.8716 0.0000
vt 0.7707 0.9008 0.0000
vt 0.7703 0.9047 0.0000
vt 0.8023 0.9208 0.0000
vt 0.8026 0.9243 0.0000
vt 0.8327 0.9187 0.0000
vt 0.8334 0.9225 0.0000
vt 0.8649 0.9162 0.0000
vt 0.8656 0.9200 0.0000
vt 0.9050 0.9126 0.0000
vt 0.9063 0.9158 0.0000
vt 0.9097 0.8891 0.0000
vt 0.9117 0.8925 0.0000
vt 0.9143 0.8698 0.0000
vt 0.9162 0.8736 0.0000
vt 0.9662 0.8100 0.0000
vt 0.9419 0.8256 0.0000
vt 0.9395 0.8213 0.0000
vt 0.9632 0.8061 0.0000
vt 0.9145 0.8372 0.0000
vt 0.9128 0.8326 0.0000
vt 0.8850 0.8443 0.0000
vt 0.8841 0.8395 0.0000
vt 0.8551 0.8466 0.0000
vt 0.8551 0.8418 0.0000
vt 0.8251 0.8443 0.0000
vt 0.8261 0.8395 0.0000
vt 0.7956 0.8372 0.0000
vt 0.7973 0.8326 0.0000
vt 0.7683 0.8256 0.0000
vt 0.7707 0.8213 0.0000
vt 0.7440 0.8100 0.0000
vt 0.7469 0.8061 0.0000
vt 0.5317 0.9284 0.0000
vt 0.5355 0.9478 0.0000
vt 0.5333 0.9511 0.0000
vt 0.5296 0.9320 0.0000
vt 0.5393 0.9715 0.0000
vt 0.5378 0.9746 0.0000
vt 0.5792 0.9767 0.0000
vt 0.5783 0.9804 0.0000
vt 0.6112 0.9804 0.0000
vt 0.6104 0.9841 0.0000
# 973 texture coords

g goggles
usemtl 02___Default
s off
f 1/1/1 2/2/1 3/3/1 4/4/1 
f 2/5/2 5/6/2 6/7/2 3/3/2 
f 5/6/3 7/8/3 8/9/3 6/7/3 
f 7/8/4 9/10/4 10/11/4 8/9/4 
f 9/12/5 11/13/5 12/14/5 10/11/5 
f 11/13/6 13/15/6 14/16/6 12/14/6 
f 13/17/7 15/18/7 16/19/7 14/16/7 
f 15/18/8 17/20/8 18/21/8 16/19/8 
f 17/22/9 19/23/9 20/24/9 18/21/9 
f 19/23/10 21/25/10 22/26/10 20/24/10 
f 21/25/11 23/27/11 24/28/11 22/26/11 
f 23/29/12 25/30/12 26/31/12 24/28/12 
f 25/30/13 27/32/13 28/33/13 26/31/13 
f 27/32/14 29/34/14 30/35/14 28/33/14 
f 29/34/15 31/36/15 32/37/15 30/35/15 
f 31/38/16 33/39/16 34/40/16 32/37/16 
f 33/39/17 35/41/17 36/42/17 34/40/17 
f 35/41/18 37/43/18 38/44/18 36/42/18 
f 37/43/19 39/45/19 40/46/19 38/44/19 
f 39/45/20 41/47/20 42/48/20 40/46/20 
f 41/47/21 43/49/21 44/50/21 42/48/21 
f 43/49/22 45/51/22 46/52/22 44/50/22 
f 45/51/23 47/53/23 48/54/23 46/52/23 
f 47/53/24 49/55/24 50/56/24 48/54/24 
f 49/55/25 51/57/25 52/58/25 50/56/25 
f 51/57/26 53/59/26 54/60/26 52/58/26 
f 53/59/27 55/61/27 56/62/27 54/60/27 
f 55/63/28 57/64/28 58/65/28 56/62/28 
f 57/64/29 59/66/29 60/67/29 58/65/29 
f 59/66/30 1/1/30 4/4/30 60/67/30 
s 1
f 61/68/31 62/69/32 63/70/33 
f 63/70/33 64/71/34 61/68/31 
f 65/72/35 66/73/36 62/69/32 
f 62/69/32 61/68/31 65/72/35 
f 67/74/37 68/75/38 66/76/36 
f 66/76/36 65/77/35 67/74/37 
f 69/78/39 70/79/40 68/75/38 
f 68/75/38 67/74/37 69/78/39 
s 2
f 71/80/41 72/81/42 70/79/43 
f 70/79/43 69/78/44 71/80/41 
f 73/82/45 74/83/46 72/81/42 
f 72/81/42 71/80/41 73/82/45 
s 1
f 75/84/47 76/85/48 74/83/49 
f 74/83/49 73/82/50 75/84/47 
f 77/86/51 78/87/52 76/85/48 
f 76/85/48 75/84/47 77/86/51 
s 2
f 79/88/53 80/89/54 78/87/55 
f 78/87/55 77/86/56 79/88/53 
f 81/90/57 82/91/58 80/89/54 
f 80/89/54 79/88/53 81/90/57 
f 83/92/59 84/93/60 82/94/58 
f 82/94/58 81/95/57 83/92/59 
f 85/96/61 86/97/62 84/93/60 
f 84/93/60 83/92/59 85/96/61 
s 1
f 87/98/63 88/99/64 89/100/65 
f 89/100/65 90/101/66 87/98/63 
f 88/99/64 91/102/67 92/103/68 
f 92/103/68 89/100/65 88/99/64 
f 91/102/67 93/104/69 94/105/70 
f 94/105/70 92/103/68 91/102/67 
f 93/104/69 95/106/71 96/107/72 
f 96/107/72 94/105/70 93/104/69 
f 95/106/71 97/108/73 98/109/74 
f 98/109/74 96/107/72 95/106/71 
f 97/108/73 99/110/75 100/111/76 
f 100/111/76 98/109/74 97/108/73 
f 99/110/75 101/112/77 102/113/78 
f 102/113/78 100/111/76 99/110/75 
f 101/112/77 103/114/79 104/115/80 
f 104/115/80 102/113/78 101/112/77 
f 103/114/79 105/116/81 106/117/82 
f 106/117/82 104/115/80 103/114/79 
f 105/116/81 107/118/83 108/119/84 
f 108/119/84 106/117/82 105/116/81 
f 107/118/83 109/120/85 110/121/86 
f 110/121/86 108/119/84 107/118/83 
f 109/120/85 111/122/87 112/123/88 
f 112/123/88 110/121/86 109/120/85 
s 2
f 63/70/89 113/124/90 114/125/91 
f 114/125/91 64/71/92 63/70/89 
f 113/124/90 115/126/93 116/127/94 
f 116/127/94 114/125/91 113/124/90 
f 115/126/93 87/128/95 90/129/96 
f 90/129/96 116/127/94 115/126/93 
s 4
f 85/96/97 117/130/98 118/131/99 
f 118/131/99 86/97/100 85/96/97 
f 117/130/98 119/132/101 120/133/102 
f 120/133/102 118/131/99 117/130/98 
f 119/132/101 112/134/103 111/135/104 
f 111/135/104 120/133/102 119/132/101 
s 8
f 121/136/105 122/137/106 123/138/107 
f 123/138/107 124/139/108 121/136/105 
f 122/137/106 125/140/109 126/141/110 
f 126/141/110 123/138/107 122/137/106 
f 125/140/109 127/142/111 128/143/112 
f 128/143/112 126/141/110 125/140/109 
f 127/142/111 129/144/113 130/145/114 
f 130/145/114 128/143/112 127/142/111 
f 129/144/113 131/146/115 132/147/116 
f 132/147/116 130/145/114 129/144/113 
f 131/146/115 133/148/117 134/149/118 
f 134/149/118 132/147/116 131/146/115 
f 133/148/117 135/150/119 136/151/120 
f 136/151/120 134/149/118 133/148/117 
f 135/150/119 137/152/121 138/153/122 
f 138/153/122 136/151/120 135/150/119 
f 137/152/121 139/154/123 140/155/124 
f 140/155/124 138/153/122 137/152/121 
f 139/154/123 141/156/125 142/157/126 
f 142/157/126 140/155/124 139/154/123 
f 141/156/125 143/158/127 144/159/128 
f 144/159/128 142/157/126 141/156/125 
f 143/158/127 145/160/129 146/161/130 
f 146/161/130 144/159/128 143/158/127 
f 145/160/129 147/162/131 148/163/132 
f 148/163/132 146/161/130 145/160/129 
f 147/162/131 149/164/133 150/165/134 
f 150/165/134 148/163/132 147/162/131 
f 149/164/133 151/166/135 152/167/136 
f 152/167/136 150/165/134 149/164/133 
f 151/166/135 153/168/137 154/169/138 
f 154/169/138 152/167/136 151/166/135 
f 153/168/137 155/170/139 156/171/140 
f 156/171/140 154/169/138 153/168/137 
f 155/170/139 157/172/141 158/173/142 
f 158/173/142 156/171/140 155/170/139 
f 157/172/141 159/174/143 160/175/144 
f 160/175/144 158/173/142 157/172/141 
f 159/174/143 161/176/145 162/177/146 
f 162/177/146 160/175/144 159/174/143 
f 161/176/145 163/178/147 164/179/147 
f 164/179/147 162/177/146 161/176/145 
f 163/178/147 165/180/148 166/181/149 
f 166/181/149 164/179/147 163/178/147 
f 165/180/148 167/182/150 168/183/151 
f 168/183/151 166/181/149 165/180/148 
f 167/182/150 169/184/152 170/185/153 
f 170/185/153 168/183/151 167/182/150 
f 169/184/152 171/186/154 172/187/155 
f 172/187/155 170/185/153 169/184/152 
f 171/186/154 173/188/156 174/189/157 
f 174/189/157 172/187/155 171/186/154 
f 173/188/156 175/190/158 176/191/159 
f 176/191/159 174/189/157 173/188/156 
f 175/190/158 177/192/160 178/193/161 
f 178/193/161 176/191/159 175/190/158 
f 177/192/160 179/194/162 180/195/163 
f 180/195/163 178/193/161 177/192/160 
f 179/194/162 121/136/105 124/139/108 
f 124/139/108 180/195/163 179/194/162 
s 1
f 181/196/164 182/197/165 183/198/166 
f 183/198/166 184/199/167 181/196/164 
f 185/200/168 181/196/164 184/199/167 
f 184/199/167 186/201/169 185/200/168 
f 187/202/170 185/203/168 186/204/169 
f 186/204/169 188/205/171 187/202/170 
f 189/206/172 187/202/170 188/205/171 
f 188/205/171 190/207/173 189/206/172 
s 2
f 191/208/174 189/206/175 190/207/176 
f 190/207/176 192/209/177 191/208/174 
f 193/210/178 191/208/174 192/209/177 
f 192/209/177 194/211/179 193/210/178 
s 1
f 195/212/180 193/210/181 194/211/182 
f 194/211/182 196/213/183 195/212/180 
f 197/214/184 195/212/180 196/213/183 
f 196/213/183 198/215/185 197/214/184 
s 2
f 199/216/186 197/214/187 198/215/188 
f 198/215/188 200/217/189 199/216/186 
f 201/218/190 199/216/186 200/217/189 
f 200/217/189 202/219/191 201/218/190 
f 203/220/192 201/221/190 202/222/191 
f 202/222/191 204/223/193 203/220/192 
f 205/224/194 203/220/192 204/223/193 
f 204/223/193 206/225/195 205/224/194 
s 1
f 207/226/196 208/227/197 209/228/198 
f 209/228/198 210/229/199 207/226/196 
f 208/227/197 211/230/200 212/231/201 
f 212/231/201 209/228/198 208/227/197 
f 211/230/200 213/232/202 214/233/203 
f 214/233/203 212/231/201 211/230/200 
f 213/232/202 215/234/204 216/235/205 
f 216/235/205 214/233/203 213/232/202 
f 215/234/204 217/236/206 218/237/207 
f 218/237/207 216/235/205 215/234/204 
f 217/236/206 219/238/208 220/239/209 
f 220/239/209 218/237/207 217/236/206 
f 219/238/208 221/240/210 222/241/211 
f 222/241/211 220/239/209 219/238/208 
f 221/240/210 223/242/212 224/243/213 
f 224/243/213 222/241/211 221/240/210 
f 223/242/212 225/244/214 226/245/215 
f 226/245/215 224/243/213 223/242/212 
f 225/244/214 227/246/216 228/247/217 
f 228/247/217 226/245/215 225/244/214 
f 227/246/216 229/248/218 230/249/219 
f 230/249/219 228/247/217 227/246/216 
f 229/248/218 231/250/220 232/251/221 
f 232/251/221 230/249/219 229/248/218 
s 2
f 182/197/222 233/252/223 234/253/224 
f 234/253/224 183/198/225 182/197/222 
f 233/252/223 235/254/226 236/255/227 
f 236/255/227 234/253/224 233/252/223 
f 235/254/226 207/256/228 210/257/229 
f 210/257/229 236/255/227 235/254/226 
s 4
f 237/258/230 205/224/231 206/225/232 
f 206/225/232 238/259/233 237/258/230 
f 239/260/234 237/258/230 238/259/233 
f 238/259/233 240/261/235 239/260/234 
f 231/262/236 239/260/234 240/261/235 
f 240/261/235 232/263/237 231/262/236 
s 1
f 241/264/238 242/265/239 243/266/240 
f 243/266/240 244/267/241 241/264/238 
f 244/267/241 243/266/240 245/268/242 
f 245/268/242 246/269/243 244/267/241 
f 246/270/243 245/271/242 247/272/244 
f 247/272/244 248/273/245 246/270/243 
f 248/273/245 247/272/244 249/274/246 
f 249/274/246 250/275/247 248/273/245 
s 2
f 250/276/248 249/277/249 251/278/250 
f 251/278/250 252/279/251 250/276/248 
f 252/279/251 251/278/250 253/280/252 
f 253/280/252 254/281/253 252/279/251 
s 1
f 254/282/254 253/283/255 255/284/256 
f 255/284/256 256/285/257 254/282/254 
f 256/285/257 255/284/256 257/286/258 
f 257/286/258 258/287/259 256/285/257 
s 2
f 258/288/260 257/289/261 259/290/262 
f 259/290/262 260/291/263 258/288/260 
f 260/291/263 259/290/262 261/292/264 
f 261/292/264 262/293/265 260/291/263 
f 262/294/265 261/295/264 263/296/266 
f 263/296/266 264/297/267 262/294/265 
f 264/297/267 263/296/266 265/298/268 
f 265/298/268 266/299/269 264/297/267 
s 1
f 267/300/270 268/301/271 269/302/272 
f 269/302/272 270/303/273 267/300/270 
f 271/304/274 272/305/275 268/301/271 
f 268/301/271 267/300/270 271/304/274 
f 273/306/276 274/307/277 272/305/275 
f 272/305/275 271/304/274 273/306/276 
f 275/308/278 276/309/279 274/307/277 
f 274/307/277 273/306/276 275/308/278 
f 277/310/280 278/311/281 276/309/279 
f 276/309/279 275/308/278 277/310/280 
f 279/312/282 280/313/283 278/311/281 
f 278/311/281 277/310/280 279/312/282 
f 281/314/284 282/315/285 280/313/283 
f 280/313/283 279/312/282 281/314/284 
f 283/316/286 284/317/287 282/315/285 
f 282/315/285 281/314/284 283/316/286 
f 285/318/288 286/319/289 284/317/287 
f 284/317/287 283/316/286 285/318/288 
f 287/320/290 288/321/291 286/319/289 
f 286/319/289 285/318/288 287/320/290 
f 289/322/292 290/323/293 288/321/291 
f 288/321/291 287/320/290 289/322/292 
f 291/324/294 292/325/295 290/323/293 
f 290/323/293 289/322/292 291/324/294 
s 2
f 293/326/296 294/327/297 242/265/298 
f 242/265/298 241/264/299 293/326/296 
f 295/328/300 296/329/301 294/327/297 
f 294/327/297 293/326/296 295/328/300 
f 270/330/302 269/331/303 296/329/301 
f 296/329/301 295/328/300 270/330/302 
s 4
f 266/299/304 265/298/305 297/332/306 
f 297/332/306 298/333/307 266/299/304 
f 298/333/307 297/332/306 299/334/308 
f 299/334/308 300/335/309 298/333/307 
f 300/335/309 299/334/308 292/336/310 
f 292/336/310 291/337/311 300/335/309 
s 8
f 63/338/312 62/339/313 184/340/314 
f 184/340/314 183/341/315 63/338/312 
f 62/339/313 66/342/316 186/343/317 
f 186/343/317 184/340/314 62/339/313 
f 66/342/316 68/344/318 188/345/319 
f 188/345/319 186/343/317 66/342/316 
f 68/344/318 70/346/320 190/347/321 
f 190/347/321 188/345/319 68/344/318 
f 70/348/320 72/349/322 192/350/323 
f 192/350/323 190/351/321 70/348/320 
f 72/349/322 74/352/324 194/353/325 
f 194/353/325 192/350/323 72/349/322 
f 74/352/324 76/354/326 196/355/327 
f 196/355/327 194/353/325 74/352/324 
f 76/354/326 78/356/328 198/357/329 
f 198/357/329 196/355/327 76/354/326 
f 78/358/328 80/359/330 200/360/331 
f 200/360/331 198/361/329 78/358/328 
f 80/359/330 82/362/332 202/363/333 
f 202/363/333 200/360/331 80/359/330 
f 82/362/332 84/364/334 204/365/335 
f 204/365/335 202/363/333 82/362/332 
f 84/364/334 86/366/336 206/367/337 
f 206/367/337 204/365/335 84/364/334 
f 86/366/336 118/368/338 238/369/339 
f 238/369/339 206/367/337 86/366/336 
f 118/368/338 120/370/340 240/371/341 
f 240/371/341 238/369/339 118/368/338 
f 120/370/340 111/372/342 232/373/343 
f 232/373/343 240/371/341 120/370/340 
f 111/372/342 109/374/344 230/375/345 
f 230/375/345 232/373/343 111/372/342 
f 109/374/344 107/376/346 228/377/347 
f 228/377/347 230/375/345 109/374/344 
f 107/376/346 105/378/348 226/379/349 
f 226/379/349 228/377/347 107/376/346 
f 105/378/348 103/380/350 224/381/351 
f 224/381/351 226/379/349 105/378/348 
f 103/382/350 101/383/352 222/384/353 
f 222/384/353 224/385/351 103/382/350 
f 101/383/352 99/386/354 220/387/355 
f 220/387/355 222/384/353 101/383/352 
f 99/386/354 97/388/356 218/389/357 
f 218/389/357 220/387/355 99/386/354 
f 97/388/356 95/390/358 216/391/359 
f 216/391/359 218/389/357 97/388/356 
f 95/392/358 93/393/360 214/394/361 
f 214/394/361 216/395/359 95/392/358 
f 93/393/360 91/396/362 212/397/363 
f 212/397/363 214/394/361 93/393/360 
f 91/396/362 88/398/364 209/399/365 
f 209/399/365 212/397/363 91/396/362 
f 88/398/364 87/400/366 210/401/367 
f 210/401/367 209/399/365 88/398/364 
f 87/400/366 115/402/368 236/403/369 
f 236/403/369 210/401/367 87/400/366 
f 115/402/368 113/404/370 234/405/371 
f 234/405/371 236/403/369 115/402/368 
f 113/404/370 63/338/312 183/341/315 
f 183/341/315 234/405/371 113/404/370 
f 243/406/372 242/407/373 182/408/374 
f 182/408/374 181/409/375 243/406/372 
f 242/407/373 294/410/376 233/411/377 
f 233/411/377 182/408/374 242/407/373 
f 294/410/376 296/412/378 235/413/379 
f 235/413/379 233/411/377 294/410/376 
f 296/412/378 269/414/380 207/415/381 
f 207/415/381 235/413/379 296/412/378 
f 269/414/380 268/416/382 208/417/383 
f 208/417/383 207/415/381 269/414/380 
f 268/416/382 272/418/384 211/419/385 
f 211/419/385 208/417/383 268/416/382 
f 272/418/384 274/420/386 213/421/387 
f 213/421/387 211/419/385 272/418/384 
f 274/420/386 276/422/388 215/423/389 
f 215/423/389 213/421/387 274/420/386 
f 276/422/388 278/424/390 217/425/391 
f 217/425/391 215/423/389 276/422/388 
f 278/424/390 280/426/392 219/427/393 
f 219/427/393 217/425/391 278/424/390 
f 280/426/392 282/428/394 221/429/395 
f 221/429/395 219/427/393 280/426/392 
f 282/428/394 284/430/396 223/431/397 
f 223/431/397 221/429/395 282/428/394 
f 284/430/396 286/432/398 225/433/399 
f 225/433/399 223/431/397 284/430/396 
f 286/432/398 288/434/400 227/435/401 
f 227/435/401 225/433/399 286/432/398 
f 288/434/400 290/436/402 229/437/403 
f 229/437/403 227/435/401 288/434/400 
f 290/436/402 292/438/404 231/439/405 
f 231/439/405 229/437/403 290/436/402 
f 292/438/404 299/440/406 239/441/407 
f 239/441/407 231/439/405 292/438/404 
f 299/440/406 297/442/408 237/443/409 
f 237/443/409 239/441/407 299/440/406 
f 297/442/408 265/444/410 205/445/411 
f 205/445/411 237/443/409 297/442/408 
f 265/444/410 263/446/412 203/447/413 
f 203/447/413 205/445/411 265/444/410 
f 263/446/412 261/448/414 201/449/415 
f 201/449/415 203/447/413 263/446/412 
f 261/448/414 259/450/416 199/451/417 
f 199/451/417 201/449/415 261/448/414 
f 259/450/416 257/452/418 197/453/419 
f 197/453/419 199/451/417 259/450/416 
f 257/452/418 255/454/420 195/455/421 
f 195/455/421 197/453/419 257/452/418 
f 255/454/420 253/456/422 193/457/423 
f 193/457/423 195/455/421 255/454/420 
f 253/456/422 251/458/424 191/459/425 
f 191/459/425 193/457/423 253/456/422 
f 251/458/424 249/460/426 189/461/427 
f 189/461/427 191/459/425 251/458/424 
f 249/460/426 247/462/428 187/463/429 
f 187/463/429 189/461/427 249/460/426 
f 247/462/428 245/464/430 185/465/431 
f 185/465/431 187/463/429 247/462/428 
f 245/464/430 243/406/372 181/409/375 
f 181/409/375 185/465/431 245/464/430 
s 1
f 301/466/432 302/467/433 122/137/434 
f 122/137/434 121/136/435 301/466/432 
f 302/468/433 303/469/436 125/470/437 
f 125/470/437 122/471/434 302/468/433 
f 303/469/436 304/472/438 127/473/439 
f 127/473/439 125/470/437 303/469/436 
f 304/472/438 305/474/440 129/475/441 
f 129/475/441 127/473/439 304/472/438 
s 2
f 305/476/442 306/477/443 131/478/444 
f 131/478/444 129/479/445 305/476/442 
f 306/477/443 307/480/446 133/481/447 
f 133/481/447 131/478/444 306/477/443 
s 1
f 307/482/448 308/483/449 135/484/450 
f 135/484/450 133/485/451 307/482/448 
f 308/483/449 309/486/452 137/487/453 
f 137/487/453 135/484/450 308/483/449 
s 2
f 309/488/454 310/489/455 139/490/456 
f 139/490/456 137/491/457 309/488/454 
f 310/489/455 311/492/458 141/493/459 
f 141/493/459 139/490/456 310/489/455 
f 311/492/458 312/494/460 143/495/461 
f 143/495/461 141/493/459 311/492/458 
f 312/496/460 313/497/462 145/160/463 
f 145/160/463 143/158/461 312/496/460 
s 1
f 313/497/464 314/498/465 147/162/466 
f 147/162/466 145/160/467 313/497/464 
f 314/498/465 315/499/468 149/164/469 
f 149/164/469 147/162/466 314/498/465 
f 315/499/468 316/500/470 151/166/471 
f 151/166/471 149/164/469 315/499/468 
s 2
f 316/501/472 317/502/473 153/503/474 
f 153/503/474 151/504/475 316/501/472 
f 317/502/473 318/505/476 155/506/477 
f 155/506/477 153/503/474 317/502/473 
f 318/505/476 319/507/478 157/508/479 
f 157/508/479 155/506/477 318/505/476 
f 319/507/478 320/509/480 159/510/481 
f 159/510/481 157/508/479 319/507/478 
f 320/509/480 321/511/482 161/512/483 
f 161/512/483 159/510/481 320/509/480 
f 321/511/482 322/513/484 163/514/485 
f 163/514/485 161/512/483 321/511/482 
f 322/513/484 323/515/486 165/516/487 
f 165/516/487 163/514/485 322/513/484 
f 323/515/486 324/517/488 167/518/489 
f 167/518/489 165/516/487 323/515/486 
f 324/517/488 325/519/490 169/520/491 
f 169/520/491 167/518/489 324/517/488 
f 325/519/490 326/521/492 171/522/493 
f 171/522/493 169/520/491 325/519/490 
f 326/521/492 327/523/494 173/524/495 
f 173/524/495 171/522/493 326/521/492 
f 327/523/494 328/525/496 175/526/497 
f 175/526/497 173/524/495 327/523/494 
s 4
f 328/527/498 329/528/499 177/192/500 
f 177/192/500 175/190/501 328/527/498 
f 329/528/499 330/529/502 179/194/503 
f 179/194/503 177/192/500 329/528/499 
f 330/529/502 301/466/504 121/136/505 
f 121/136/505 179/194/503 330/529/502 
s 1
f 61/68/31 64/71/34 124/530/506 
f 124/530/506 123/531/507 61/68/31 
s 2
f 64/71/92 114/125/91 180/532/508 
f 180/532/508 124/530/509 64/71/92 
f 114/125/91 116/127/94 178/533/510 
f 178/533/510 180/532/508 114/125/91 
f 116/127/94 90/129/96 176/534/511 
f 176/534/511 178/533/510 116/127/94 
s 1
f 90/101/66 89/100/65 174/535/512 
f 174/535/512 176/536/513 90/101/66 
f 89/100/65 92/103/68 172/537/514 
f 172/537/514 174/535/512 89/100/65 
f 92/103/68 94/105/70 170/538/515 
f 170/538/515 172/537/514 92/103/68 
f 94/105/70 96/107/72 168/539/516 
f 168/539/516 170/538/515 94/105/70 
f 96/107/72 98/109/74 166/540/517 
f 166/540/517 168/539/516 96/107/72 
f 98/109/74 100/111/76 164/541/518 
f 164/541/518 166/540/517 98/109/74 
f 100/111/76 102/113/78 162/542/519 
f 162/542/519 164/541/518 100/111/76 
f 102/113/78 104/115/80 160/543/520 
f 160/543/520 162/542/519 102/113/78 
f 104/115/80 106/117/82 158/544/521 
f 158/544/521 160/543/520 104/115/80 
f 106/117/82 108/119/84 156/545/522 
f 156/545/522 158/544/521 106/117/82 
f 108/119/84 110/121/86 154/546/523 
f 154/546/523 156/545/522 108/119/84 
f 110/121/86 112/123/88 152/547/524 
f 152/547/524 154/546/523 110/121/86 
s 4
f 112/134/103 119/132/101 150/548/525 
f 150/548/525 152/549/526 112/134/103 
f 119/132/101 117/130/98 148/550/527 
f 148/550/527 150/548/525 119/132/101 
f 117/130/98 85/96/97 146/551/528 
f 146/551/528 148/550/527 117/130/98 
s 2
f 85/96/61 83/92/59 144/552/529 
f 144/552/529 146/551/530 85/96/61 
f 83/553/59 81/90/57 142/554/531 
f 142/554/531 144/555/529 83/553/59 
f 81/90/57 79/88/53 140/556/532 
f 140/556/532 142/554/531 81/90/57 
f 79/88/53 77/86/56 138/557/533 
f 138/557/533 140/556/532 79/88/53 
s 1
f 77/86/51 75/84/47 136/558/534 
f 136/558/534 138/557/535 77/86/51 
f 75/84/47 73/82/50 134/559/536 
f 134/559/536 136/558/534 75/84/47 
s 2
f 73/82/45 71/80/41 132/560/537 
f 132/560/537 134/559/538 73/82/45 
f 71/80/41 69/78/44 130/561/539 
f 130/561/539 132/560/537 71/80/41 
s 1
f 69/78/39 67/74/37 128/562/540 
f 128/562/540 130/561/541 69/78/39 
f 67/74/37 65/77/35 126/563/542 
f 126/563/542 128/562/540 67/74/37 
f 65/77/35 61/564/31 123/565/507 
f 123/565/507 126/563/542 65/77/35 
s 4
f 241/264/543 244/267/544 331/566/545 
f 331/566/545 332/567/546 241/264/543 
f 244/267/544 246/269/547 333/568/548 
f 333/568/548 331/566/545 244/267/544 
f 246/269/547 248/569/549 334/570/550 
f 334/570/550 333/568/548 246/269/547 
f 248/569/549 250/571/551 335/572/552 
f 335/572/552 334/570/550 248/569/549 
f 250/571/551 252/573/553 336/574/554 
f 336/574/554 335/572/552 250/571/551 
f 252/573/553 254/575/555 337/576/556 
f 337/576/556 336/574/554 252/573/553 
s 8
f 254/575/557 256/577/558 338/578/559 
f 338/578/559 337/576/560 254/575/557 
f 256/577/558 258/579/561 339/580/562 
f 339/580/562 338/578/559 256/577/558 
f 258/579/561 260/581/563 340/582/564 
f 340/582/564 339/580/562 258/579/561 
f 260/581/563 262/294/565 341/583/566 
f 341/583/566 340/582/564 260/581/563 
f 262/294/565 264/297/567 342/584/568 
f 342/584/568 341/583/566 262/294/565 
f 264/297/567 266/299/569 343/585/570 
f 343/585/570 342/584/568 264/297/567 
s 16
f 266/299/571 298/333/572 344/586/573 
f 344/586/573 343/585/574 266/299/571 
f 298/333/572 300/335/575 345/587/576 
f 345/587/576 344/586/573 298/333/572 
f 300/335/575 291/337/577 346/588/578 
f 346/588/578 345/587/576 300/335/575 
s 8
f 291/337/579 289/589/580 347/590/581 
f 347/590/581 346/588/582 291/337/579 
f 289/589/580 287/591/583 348/592/584 
f 348/592/584 347/590/581 289/589/580 
f 287/591/583 285/593/585 349/594/586 
f 349/594/586 348/592/584 287/591/583 
f 285/593/585 283/595/587 350/596/588 
f 350/596/588 349/594/586 285/593/585 
f 283/595/587 281/597/589 351/598/590 
f 351/598/590 350/596/588 283/595/587 
f 281/597/589 279/599/591 352/600/592 
f 352/600/592 351/598/590 281/597/589 
f 279/599/591 277/601/593 353/602/594 
f 353/602/594 352/600/592 279/599/591 
f 277/601/593 275/603/595 354/604/596 
f 354/604/596 353/602/594 277/601/593 
f 275/603/595 273/605/597 355/606/598 
f 355/606/598 354/604/596 275/603/595 
f 273/605/597 271/607/599 356/608/600 
f 356/608/600 355/606/598 273/605/597 
f 271/607/599 267/609/601 357/610/602 
f 357/610/602 356/608/600 271/607/599 
f 267/609/601 270/330/603 358/611/604 
f 358/611/604 357/610/602 267/609/601 
s 4
f 270/330/605 295/328/606 359/612/607 
f 359/612/607 358/611/608 270/330/605 
f 295/328/606 293/326/609 360/613/610 
f 360/613/610 359/612/607 295/328/606 
f 293/326/609 241/264/543 332/567/546 
f 332/567/546 360/613/610 293/326/609 
s 2
f 361/614/611 306/477/443 305/476/442 
f 305/476/442 362/615/612 361/614/611 
f 363/616/613 361/614/611 362/615/612 
f 362/615/612 364/617/614 363/616/613 
f 365/618/615 307/480/446 306/477/443 
f 306/477/443 361/614/611 365/618/615 
f 366/619/616 365/618/615 361/614/611 
f 361/614/611 363/616/613 366/619/616 
s 1
f 365/620/617 367/621/618 308/483/449 
f 308/483/449 307/482/448 365/620/617 
f 366/622/619 368/623/620 367/621/618 
f 367/621/618 365/620/617 366/622/619 
f 367/621/618 369/624/621 309/486/452 
f 309/486/452 308/483/449 367/621/618 
f 368/623/620 370/625/622 369/624/621 
f 369/624/621 367/621/618 368/623/620 
s 2
f 369/626/623 371/627/624 310/489/455 
f 310/489/455 309/488/454 369/626/623 
f 370/628/625 372/629/626 371/627/624 
f 371/627/624 369/626/623 370/628/625 
f 371/627/624 373/630/627 311/492/458 
f 311/492/458 310/489/455 371/627/624 
f 372/629/626 374/631/628 373/630/627 
f 373/630/627 371/627/624 372/629/626 
f 373/630/627 375/632/629 312/494/460 
f 312/494/460 311/492/458 373/630/627 
f 374/631/628 376/633/630 375/632/629 
f 375/632/629 373/630/627 374/631/628 
f 375/634/629 377/635/631 313/497/462 
f 313/497/462 312/496/460 375/634/629 
f 376/636/630 378/637/632 377/635/631 
f 377/635/631 375/634/629 376/636/630 
s 1
f 379/638/633 314/498/465 313/497/464 
f 313/497/464 377/635/634 379/638/633 
f 380/639/635 379/638/633 377/635/634 
f 377/635/634 378/637/636 380/639/635 
f 379/638/633 381/640/637 315/499/468 
f 315/499/468 314/498/465 379/638/633 
f 380/639/635 382/641/638 381/640/637 
f 381/640/637 379/638/633 380/639/635 
f 381/640/637 383/642/639 316/500/470 
f 316/500/470 315/499/468 381/640/637 
f 382/641/638 384/643/640 383/642/639 
f 383/642/639 381/640/637 382/641/638 
f 362/644/641 305/474/440 304/472/438 
f 304/472/438 385/645/642 362/644/641 
f 364/646/643 362/644/641 385/645/642 
f 385/645/642 386/647/644 364/646/643 
f 385/645/642 304/472/438 303/469/436 
f 303/469/436 387/648/645 385/645/642 
f 386/647/644 385/645/642 387/648/645 
f 387/648/645 388/649/646 386/647/644 
f 387/648/645 303/469/436 302/468/433 
f 302/468/433 389/650/647 387/648/645 
f 388/649/646 387/648/645 389/650/647 
f 389/650/647 390/651/648 388/649/646 
f 389/652/647 302/467/433 301/466/432 
f 301/466/432 391/653/649 389/652/647 
f 390/654/648 389/652/647 391/653/649 
f 391/653/649 392/655/650 390/654/648 
s 4
f 393/656/651 391/653/652 301/466/504 
f 301/466/504 330/529/502 393/656/651 
f 394/657/653 392/655/654 391/653/652 
f 391/653/652 393/656/651 394/657/653 
f 393/656/651 330/529/502 329/528/499 
f 329/528/499 395/658/655 393/656/651 
f 394/657/653 393/656/651 395/658/655 
f 395/658/655 396/659/656 394/657/653 
f 395/658/655 329/528/499 328/527/498 
f 328/527/498 397/660/657 395/658/655 
f 396/659/656 395/658/655 397/660/657 
f 397/660/657 398/661/658 396/659/656 
s 2
f 399/662/659 397/663/660 328/525/496 
f 328/525/496 327/523/494 399/662/659 
f 400/664/661 398/665/662 397/663/660 
f 397/663/660 399/662/659 400/664/661 
f 399/662/659 401/666/663 402/667/664 
f 402/667/664 400/664/661 399/662/659 
f 327/523/494 326/521/492 401/666/663 
f 401/666/663 399/662/659 327/523/494 
f 401/666/663 403/668/665 404/669/666 
f 404/669/666 402/667/664 401/666/663 
f 326/521/492 325/519/490 403/668/665 
f 403/668/665 401/666/663 326/521/492 
f 403/668/665 405/670/667 406/671/668 
f 406/671/668 404/669/666 403/668/665 
f 325/519/490 324/517/488 405/670/667 
f 405/670/667 403/668/665 325/519/490 
f 407/672/669 405/670/667 324/517/488 
f 324/517/488 323/515/486 407/672/669 
f 408/673/670 406/671/668 405/670/667 
f 405/670/667 407/672/669 408/673/670 
f 407/672/669 409/674/671 410/675/672 
f 410/675/672 408/673/670 407/672/669 
f 323/515/486 322/513/484 409/674/671 
f 409/674/671 407/672/669 323/515/486 
f 409/674/671 322/513/484 321/511/482 
f 321/511/482 411/676/673 409/674/671 
f 410/675/672 409/674/671 411/676/673 
f 411/676/673 412/677/674 410/675/672 
f 413/678/675 414/679/676 412/677/674 
f 412/677/674 411/676/673 413/678/675 
f 320/509/480 413/678/675 411/676/673 
f 411/676/673 321/511/482 320/509/480 
f 413/678/675 320/509/480 319/507/478 
f 319/507/478 415/680/677 413/678/675 
f 414/679/676 413/678/675 415/680/677 
f 415/680/677 416/681/678 414/679/676 
f 417/682/679 418/683/680 416/681/678 
f 416/681/678 415/680/677 417/682/679 
f 318/505/476 417/682/679 415/680/677 
f 415/680/677 319/507/478 318/505/476 
f 417/682/679 318/505/476 317/502/473 
f 317/502/473 419/684/681 417/682/679 
f 418/683/680 417/682/679 419/684/681 
f 419/684/681 420/685/682 418/683/680 
f 383/686/683 384/687/684 420/685/682 
f 420/685/682 419/684/681 383/686/683 
f 316/501/472 383/686/683 419/684/681 
f 419/684/681 317/502/473 316/501/472 
s 1
f 421/688/685 422/689/685 423/690/685 
f 423/690/685 424/691/685 421/688/685 
f 425/692/686 426/693/686 427/694/686 
f 427/694/686 428/695/686 425/692/686 
s 2
f 429/696/687 430/697/688 426/698/689 
f 426/698/689 425/699/689 429/696/687 
s 4
f 430/700/690 431/701/691 427/702/692 
f 427/702/692 426/703/692 430/700/690 
s 2
f 431/704/693 432/705/694 428/706/695 
f 428/706/695 427/707/695 431/704/693 
s 4
f 432/708/696 429/709/697 425/710/698 
f 425/710/698 428/711/698 432/708/696 
f 429/709/697 432/708/696 433/712/699 
f 433/712/699 434/713/700 429/709/697 
s 2
f 432/705/694 431/704/693 435/714/701 
f 435/714/701 433/715/702 432/705/694 
s 4
f 431/701/691 430/700/690 436/716/703 
f 436/716/703 435/717/704 431/701/691 
s 2
f 430/697/688 429/696/687 434/718/705 
f 434/718/705 436/719/706 430/697/688 
s 4
f 421/720/707 434/713/700 433/712/699 
f 433/712/699 422/721/708 421/720/707 
s 2
f 433/715/702 435/714/701 423/722/709 
f 423/722/709 422/723/710 433/715/702 
s 4
f 435/717/704 436/716/703 424/724/711 
f 424/724/711 423/725/712 435/717/704 
s 2
f 436/719/706 434/718/705 421/726/713 
f 421/726/713 424/727/714 436/719/706 
s 1
f 437/728/715 438/729/715 439/730/715 
f 439/730/715 440/731/715 437/728/715 
f 441/732/716 442/733/716 443/734/716 
f 443/734/716 444/735/716 441/732/716 
s 2
f 445/736/717 441/737/718 444/738/718 
f 444/738/718 446/739/719 445/736/717 
s 4
f 446/740/720 444/741/721 443/742/721 
f 443/742/721 447/743/722 446/740/720 
s 2
f 447/744/723 443/745/724 442/746/724 
f 442/746/724 448/747/725 447/744/723 
s 4
f 448/748/726 442/749/727 441/750/727 
f 441/750/727 445/751/728 448/748/726 
f 445/751/728 449/752/729 450/753/730 
f 450/753/730 448/748/726 445/751/728 
s 2
f 448/747/725 450/754/731 451/755/732 
f 451/755/732 447/744/723 448/747/725 
s 4
f 447/743/722 451/756/733 452/757/734 
f 452/757/734 446/740/720 447/743/722 
s 2
f 446/739/719 452/758/735 449/759/736 
f 449/759/736 445/736/717 446/739/719 
s 4
f 437/760/737 440/761/738 450/753/730 
f 450/753/730 449/752/729 437/760/737 
s 2
f 450/754/731 440/762/739 439/763/740 
f 439/763/740 451/755/732 450/754/731 
s 4
f 451/756/733 439/764/741 438/765/742 
f 438/765/742 452/757/734 451/756/733 
s 2
f 452/758/735 438/766/743 437/767/744 
f 437/767/744 449/759/736 452/758/735 
s 8
f 453/768/745 4/769/746 3/770/747 
f 3/770/747 454/771/748 453/768/745 
f 60/772/749 4/769/746 453/768/745 
f 453/768/745 455/773/750 60/772/749 
f 58/774/751 60/772/749 455/773/750 
f 455/773/750 456/775/752 58/774/751 
f 457/776/753 56/777/754 58/774/751 
f 58/774/751 456/775/752 457/776/753 
f 54/778/755 56/777/754 457/776/753 
f 457/776/753 458/779/756 54/778/755 
f 459/780/757 52/781/758 54/778/755 
f 54/778/755 458/779/756 459/780/757 
f 50/782/759 52/781/758 459/780/757 
f 459/780/757 460/783/760 50/782/759 
f 461/784/761 48/785/762 50/782/759 
f 50/782/759 460/783/760 461/784/761 
f 46/786/763 48/785/762 461/784/761 
f 461/784/761 462/787/764 46/786/763 
f 44/788/765 46/786/763 462/787/764 
f 462/787/764 463/789/766 44/788/765 
f 464/790/767 42/791/768 44/788/765 
f 44/788/765 463/789/766 464/790/767 
f 465/792/769 40/793/770 42/791/768 
f 42/791/768 464/790/767 465/792/769 
f 38/794/771 40/793/770 465/792/769 
f 465/792/769 466/795/772 38/794/771 
f 467/796/773 36/797/774 38/794/771 
f 38/794/771 466/795/772 467/796/773 
f 34/798/775 36/797/774 467/796/773 
f 467/796/773 468/799/776 34/798/775 
f 469/800/777 32/801/778 34/798/775 
f 34/798/775 468/799/776 469/800/777 
f 30/802/779 32/801/778 469/800/777 
f 469/800/777 470/803/780 30/802/779 
f 28/804/781 30/802/779 470/803/780 
f 470/803/780 471/805/782 28/804/781 
f 472/806/783 26/807/784 28/804/781 
f 28/804/781 471/805/782 472/806/783 
f 24/808/785 26/807/784 472/806/783 
f 472/806/783 473/809/786 24/808/785 
f 22/810/787 24/808/785 473/809/786 
f 473/809/786 474/811/788 22/810/787 
f 475/812/789 20/813/790 22/810/787 
f 22/810/787 474/811/788 475/812/789 
f 476/814/791 18/815/792 20/813/790 
f 20/813/790 475/812/789 476/814/791 
f 16/816/793 18/815/792 476/814/791 
f 476/814/791 477/817/794 16/816/793 
f 14/818/795 16/816/793 477/817/794 
f 477/817/794 478/819/796 14/818/795 
f 479/820/797 12/821/798 14/818/795 
f 14/818/795 478/819/796 479/820/797 
f 480/822/799 10/823/800 12/821/798 
f 12/821/798 479/820/797 480/822/799 
f 8/824/801 10/823/800 480/822/799 
f 480/822/799 481/825/802 8/824/801 
f 6/826/803 8/824/801 481/825/802 
f 481/825/802 482/827/804 6/826/803 
f 3/770/747 6/826/803 482/827/804 
f 482/827/804 454/771/748 3/770/747 
s 1
f 2/828/805 1/829/806 483/830/807 
f 483/830/807 484/831/808 2/828/805 
s 2
f 1/829/809 59/832/810 485/833/811 
f 485/833/811 483/830/812 1/829/809 
f 59/832/810 57/834/813 486/835/814 
f 486/835/814 485/833/811 59/832/810 
f 57/834/813 55/836/815 487/837/816 
f 487/837/816 486/835/814 57/834/813 
s 1
f 55/838/817 53/839/818 488/840/819 
f 488/840/819 487/841/820 55/838/817 
f 53/839/818 51/842/821 489/843/822 
f 489/843/822 488/840/819 53/839/818 
f 51/842/821 49/844/823 490/845/824 
f 490/845/824 489/843/822 51/842/821 
f 49/844/823 47/846/825 491/847/826 
f 491/847/826 490/845/824 49/844/823 
f 47/846/825 45/848/827 492/849/828 
f 492/849/828 491/847/826 47/846/825 
f 45/848/827 43/850/829 493/851/830 
f 493/851/830 492/849/828 45/848/827 
f 43/850/829 41/852/831 494/853/832 
f 494/853/832 493/851/830 43/850/829 
f 41/852/831 39/854/833 495/855/834 
f 495/855/834 494/853/832 41/852/831 
f 39/854/833 37/856/835 496/857/836 
f 496/857/836 495/855/834 39/854/833 
f 37/856/835 35/858/837 497/859/838 
f 497/859/838 496/857/836 37/856/835 
f 35/858/837 33/860/839 498/861/840 
f 498/861/840 497/859/838 35/858/837 
f 33/860/839 31/862/841 499/863/842 
f 499/863/842 498/861/840 33/860/839 
s 2
f 31/864/843 29/865/844 500/866/845 
f 500/866/845 499/867/846 31/864/843 
f 29/865/844 27/868/847 501/869/848 
f 501/869/848 500/866/845 29/865/844 
f 27/868/847 25/870/849 502/871/850 
f 502/871/850 501/869/848 27/868/847 
s 1
f 25/870/851 23/872/852 503/873/853 
f 503/873/853 502/871/854 25/870/851 
f 23/874/852 21/875/855 504/876/856 
f 504/876/856 503/877/853 23/874/852 
f 21/875/855 19/878/857 505/879/858 
f 505/879/858 504/876/856 21/875/855 
f 19/878/857 17/880/859 506/881/860 
f 506/881/860 505/879/858 19/878/857 
s 2
f 17/882/861 15/883/862 507/884/863 
f 507/884/863 506/885/864 17/882/861 
f 15/883/862 13/886/865 508/887/866 
f 508/887/866 507/884/863 15/883/862 
s 4
f 13/888/867 11/889/868 509/890/869 
f 509/890/869 508/891/870 13/888/867 
f 11/889/868 9/892/871 510/893/872 
f 510/893/872 509/890/869 11/889/868 
s 1
f 9/894/873 7/895/874 511/896/875 
f 511/896/875 510/897/876 9/894/873 
f 7/895/874 5/898/877 512/899/878 
f 512/899/878 511/896/875 7/895/874 
f 5/898/877 2/900/805 484/901/808 
f 484/901/808 512/899/878 5/898/877 
f 332/902/879 331/903/880 513/904/881 
f 513/904/881 514/905/882 332/902/879 
f 331/903/880 333/906/883 515/907/884 
f 515/907/884 513/904/881 331/903/880 
f 333/906/883 334/908/885 516/909/886 
f 516/909/886 515/907/884 333/906/883 
s 2
f 334/910/887 335/911/888 517/912/889 
f 517/912/889 516/913/890 334/910/887 
s 1
f 335/914/891 336/915/892 518/916/893 
f 518/916/893 517/917/894 335/914/891 
f 336/915/892 337/918/895 519/919/896 
f 519/919/896 518/916/893 336/915/892 
s 2
f 337/918/897 338/920/898 520/921/899 
f 520/921/899 519/919/900 337/918/897 
f 338/920/898 339/922/901 521/923/902 
f 521/923/902 520/921/899 338/920/898 
s 1
f 339/924/903 340/925/904 522/926/905 
f 522/926/905 521/927/906 339/924/903 
s 2
f 340/928/907 341/929/908 523/930/909 
f 523/930/909 522/931/910 340/928/907 
f 341/929/908 342/932/911 524/933/912 
f 524/933/912 523/930/909 341/929/908 
f 342/932/911 343/934/913 525/935/914 
f 525/935/914 524/933/912 342/932/911 
s 1
f 343/934/915 344/936/916 526/937/917 
f 526/937/917 525/935/918 343/934/915 
f 344/936/916 345/938/919 527/939/920 
f 527/939/920 526/937/917 344/936/916 
f 345/938/919 346/940/921 528/941/922 
f 528/941/922 527/939/920 345/938/919 
s 2
f 346/940/923 347/942/924 529/943/925 
f 529/943/925 528/941/926 346/940/923 
f 347/942/924 348/944/927 530/945/928 
f 530/945/928 529/943/925 347/942/924 
f 348/946/927 349/947/929 531/948/930 
f 531/948/930 530/949/928 348/946/927 
f 349/947/929 350/950/931 532/951/932 
f 532/951/932 531/948/930 349/947/929 
f 350/950/931 351/952/933 533/953/934 
f 533/953/934 532/951/932 350/950/931 
f 351/952/933 352/954/935 534/955/935 
f 534/955/935 533/953/934 351/952/933 
f 352/954/935 353/956/936 535/957/937 
f 535/957/937 534/955/935 352/954/935 
f 353/956/936 354/958/938 536/959/939 
f 536/959/939 535/957/937 353/956/936 
f 354/958/938 355/960/940 537/961/941 
f 537/961/941 536/959/939 354/958/938 
f 355/960/940 356/962/942 538/963/943 
f 538/963/943 537/961/941 355/960/940 
f 356/964/942 357/965/944 539/966/945 
f 539/966/945 538/967/943 356/964/942 
f 357/965/944 358/968/946 540/969/947 
f 540/969/947 539/966/945 357/965/944 
s 16
f 358/968/948 359/970/949 541/971/950 
f 541/971/950 540/969/951 358/968/948 
f 359/970/949 360/972/952 542/973/953 
f 542/973/953 541/971/950 359/970/949 
f 360/972/952 332/902/954 514/905/955 
f 514/905/955 542/973/953 360/972/952 
s off
f 363/616/956 364/617/956 480/822/956 479/820/956 
f 364/646/957 386/647/957 481/825/957 480/822/957 
f 386/647/958 388/649/958 482/827/958 481/825/958 
f 388/649/959 390/651/959 454/771/959 482/827/959 
f 390/654/960 392/655/960 453/768/960 454/771/960 
f 392/655/961 394/657/961 455/773/961 453/768/961 
f 394/657/962 396/659/962 456/775/962 455/773/962 
f 396/659/963 398/661/963 457/776/963 456/775/963 
f 398/665/964 400/664/964 458/779/964 457/776/964 
f 400/664/965 402/667/965 459/780/965 458/779/965 
f 402/667/966 404/669/966 460/783/966 459/780/966 
f 404/669/967 406/671/967 461/784/967 460/783/967 
f 406/671/968 408/673/968 462/787/968 461/784/968 
f 408/673/969 410/675/969 463/789/969 462/787/969 
f 410/675/970 412/677/970 464/790/970 463/789/970 
f 412/677/971 414/679/971 465/792/971 464/790/971 
f 414/679/972 416/681/972 466/795/972 465/792/972 
f 416/681/973 418/683/973 467/796/973 466/795/973 
f 418/683/974 420/685/974 468/799/974 467/796/974 
f 420/685/975 384/687/975 469/800/975 468/799/975 
f 384/643/976 382/641/976 470/803/976 469/800/976 
f 382/641/977 380/639/977 471/805/977 470/803/977 
f 380/639/978 378/637/978 472/806/978 471/805/978 
f 378/637/979 376/636/979 473/809/979 472/806/979 
f 376/633/980 374/631/980 474/811/980 473/809/980 
f 374/631/981 372/629/981 475/812/981 474/811/981 
f 372/629/982 370/628/982 476/814/982 475/812/982 
f 370/625/983 368/623/983 477/817/983 476/814/983 
f 368/623/984 366/622/984 478/819/984 477/817/984 
f 366/619/985 363/616/985 479/820/985 478/819/985 
# 60 polygons - 896 triangles

#
# object goggles_glass
#

v  0.8002 -0.4874 0.6308
v  0.7322 -0.4855 0.6805
v  0.7270 -0.5774 0.6642
v  0.8221 -0.6731 0.5733
v  0.8987 -0.4861 0.5335
v  0.9072 -0.7259 0.4740
v  0.9804 -0.4834 0.4164
v  0.9781 -0.7522 0.3646
v  1.0417 -0.4805 0.2831
v  1.0333 -0.7315 0.2477
v  1.0797 -0.4784 0.1383
v  1.0757 -0.6053 0.1234
v  1.0926 -0.4776 -0.0123
v  1.0916 -0.5391 -0.0123
v  1.0797 -0.4784 -0.1630
v  1.0757 -0.6053 -0.1480
v  1.0417 -0.4805 -0.3077
v  1.0333 -0.7315 -0.2724
v  0.9804 -0.4834 -0.4410
v  0.9781 -0.7522 -0.3893
v  0.8987 -0.4861 -0.5582
v  0.9072 -0.7259 -0.4987
v  0.8002 -0.4874 -0.6555
v  0.8221 -0.6731 -0.5979
v  0.7322 -0.4855 -0.7052
v  0.7270 -0.5774 -0.6888
v  0.8063 -0.3789 0.6487
v  0.7380 -0.3839 0.6986
v  0.9049 -0.3773 0.5487
v  0.9867 -0.3744 0.4283
v  1.0480 -0.3713 0.2912
v  1.0861 -0.3689 0.1425
v  1.0990 -0.3681 -0.0123
v  1.0861 -0.3689 -0.1672
v  1.0480 -0.3713 -0.3159
v  0.9867 -0.3744 -0.4529
v  0.9049 -0.3773 -0.5733
v  0.8063 -0.3789 -0.6734
v  0.7380 -0.3839 -0.7233
v  0.8461 -0.2525 0.6395
v  0.7448 -0.2644 0.7199
v  0.9352 -0.2375 0.5385
v  1.0080 -0.2344 0.4179
v  1.0622 -0.2312 0.2829
v  1.0951 -0.2409 0.1375
v  1.1059 -0.2480 -0.0123
v  1.0951 -0.2409 -0.1621
v  1.0622 -0.2312 -0.3075
v  1.0080 -0.2344 -0.4425
v  0.9352 -0.2375 -0.5632
v  0.8461 -0.2525 -0.6641
v  0.7448 -0.2644 -0.7446
# 52 vertices

vn 0.6370 -0.1596 0.7542
vn 0.5804 -0.1743 0.7955
vn 0.5790 -0.1797 0.7953
vn 0.6800 -0.1505 0.7176
vn 0.7600 -0.1254 0.6377
vn 0.7872 -0.1211 0.6048
vn 0.8649 -0.0949 0.4928
vn 0.8738 -0.0936 0.4772
vn 0.9396 -0.0694 0.3352
vn 0.9325 -0.0716 0.3541
vn 0.9839 -0.0482 0.1721
vn 0.9786 -0.0416 0.2014
vn 0.9996 -0.0284 0.0035
vn 0.9999 -0.0084 0.0097
vn 0.9840 -0.0465 -0.1722
vn 0.9791 -0.0468 -0.1977
vn 0.9393 -0.0713 -0.3356
vn 0.9320 -0.0723 -0.3551
vn 0.8644 -0.0992 -0.4929
vn 0.8736 -0.0917 -0.4779
vn 0.7582 -0.1328 -0.6383
vn 0.7878 -0.1155 -0.6049
vn 0.6366 -0.1652 -0.7533
vn 0.6896 -0.1377 -0.7110
vn 0.5782 -0.1789 -0.7961
vn 0.5822 -0.1774 -0.7934
vn 0.6475 -0.1493 0.7473
vn 0.5989 -0.1641 0.7838
vn 0.7664 -0.1194 0.6312
vn 0.8694 -0.0908 0.4857
vn 0.9418 -0.0675 0.3293
vn 0.9846 -0.0525 0.1669
vn 0.9988 -0.0483 0.0014
vn 0.9849 -0.0555 -0.1638
vn 0.9425 -0.0734 -0.3260
vn 0.8704 -0.1002 -0.4820
vn 0.7678 -0.1324 -0.6269
vn 0.6461 -0.1608 -0.7462
vn 0.5862 -0.1741 -0.7913
vn 0.6996 -0.1781 0.6920
vn 0.6243 -0.1733 0.7618
vn 0.8027 -0.1437 0.5788
vn 0.8887 -0.1083 0.4455
vn 0.9493 -0.0789 0.3043
vn 0.9859 -0.0587 0.1565
vn 0.9988 -0.0490 0.0023
vn 0.9871 -0.0508 -0.1518
vn 0.9515 -0.0634 -0.3010
vn 0.8913 -0.0846 -0.4455
vn 0.8043 -0.1123 -0.5835
vn 0.6903 -0.1428 -0.7093
vn 0.6109 -0.1553 -0.7763
# 52 vertex normals

vt 0.0833 0.3333 0.0000
vt 0.0000 0.3333 0.0000
vt 0.0000 0.0000 0.0000
vt 0.0833 0.0000 0.0000
vt 0.1667 0.3333 0.0000
vt 0.1667 0.0000 0.0000
vt 0.2500 0.3333 0.0000
vt 0.2500 0.0000 0.0000
vt 0.3333 0.3333 0.0000
vt 0.3333 0.0000 0.0000
vt 0.4167 0.3333 0.0000
vt 0.4167 0.0000 0.0000
vt 0.5000 0.3333 0.0000
vt 0.5000 0.0000 0.0000
vt 0.5833 0.3333 0.0000
vt 0.5833 0.0000 0.0000
vt 0.6667 0.3333 0.0000
vt 0.6667 0.0000 0.0000
vt 0.7500 0.3333 0.0000
vt 0.7500 0.0000 0.0000
vt 0.8333 0.3333 0.0000
vt 0.8333 0.0000 0.0000
vt 0.9167 0.3333 0.0000
vt 0.9167 0.0000 0.0000
vt 1.0000 0.3333 0.0000
vt 1.0000 0.0000 0.0000
vt 0.0833 0.6667 0.0000
vt 0.0000 0.6667 0.0000
vt 0.1667 0.6667 0.0000
vt 0.2500 0.6667 0.0000
vt 0.3333 0.6667 0.0000
vt 0.4167 0.6667 0.0000
vt 0.5000 0.6667 0.0000
vt 0.5833 0.6667 0.0000
vt 0.6667 0.6667 0.0000
vt 0.7500 0.6667 0.0000
vt 0.8333 0.6667 0.0000
vt 0.9167 0.6667 0.0000
vt 1.0000 0.6667 0.0000
vt 0.0833 1.0000 0.0000
vt 0.0000 1.0000 0.0000
vt 0.1667 1.0000 0.0000
vt 0.2500 1.0000 0.0000
vt 0.3333 1.0000 0.0000
vt 0.4167 1.0000 0.0000
vt 0.5000 1.0000 0.0000
vt 0.5833 1.0000 0.0000
vt 0.6667 1.0000 0.0000
vt 0.7500 1.0000 0.0000
vt 0.8333 1.0000 0.0000
vt 0.9167 1.0000 0.0000
vt 1.0000 1.0000 0.0000
# 52 texture coords

g goggles_glass
usemtl 04___Default
s 1
f 543/974/986 544/975/987 545/976/988 
f 545/976/988 546/977/989 543/974/986 
f 547/978/990 543/974/986 546/977/989 
f 546/977/989 548/979/991 547/978/990 
f 549/980/992 547/978/990 548/979/991 
f 548/979/991 550/981/993 549/980/992 
f 551/982/994 549/980/992 550/981/993 
f 550/981/993 552/983/995 551/982/994 
f 553/984/996 551/982/994 552/983/995 
f 552/983/995 554/985/997 553/984/996 
f 555/986/998 553/984/996 554/985/997 
f 554/985/997 556/987/999 555/986/998 
f 557/988/1000 555/986/998 556/987/999 
f 556/987/999 558/989/1001 557/988/1000 
f 559/990/1002 557/988/1000 558/989/1001 
f 558/989/1001 560/991/1003 559/990/1002 
f 561/992/1004 559/990/1002 560/991/1003 
f 560/991/1003 562/993/1005 561/992/1004 
f 563/994/1006 561/992/1004 562/993/1005 
f 562/993/1005 564/995/1007 563/994/1006 
f 565/996/1008 563/994/1006 564/995/1007 
f 564/995/1007 566/997/1009 565/996/1008 
f 567/998/1010 565/996/1008 566/997/1009 
f 566/997/1009 568/999/1011 567/998/1010 
f 569/1000/1012 570/1001/1013 544/975/987 
f 544/975/987 543/974/986 569/1000/1012 
f 571/1002/1014 569/1000/1012 543/974/986 
f 543/974/986 547/978/990 571/1002/1014 
f 572/1003/1015 571/1002/1014 547/978/990 
f 547/978/990 549/980/992 572/1003/1015 
f 573/1004/1016 572/1003/1015 549/980/992 
f 549/980/992 551/982/994 573/1004/1016 
f 574/1005/1017 573/1004/1016 551/982/994 
f 551/982/994 553/984/996 574/1005/1017 
f 575/1006/1018 574/1005/1017 553/984/996 
f 553/984/996 555/986/998 575/1006/1018 
f 576/1007/1019 575/1006/1018 555/986/998 
f 555/986/998 557/988/1000 576/1007/1019 
f 577/1008/1020 576/1007/1019 557/988/1000 
f 557/988/1000 559/990/1002 577/1008/1020 
f 578/1009/1021 577/1008/1020 559/990/1002 
f 559/990/1002 561/992/1004 578/1009/1021 
f 579/1010/1022 578/1009/1021 561/992/1004 
f 561/992/1004 563/994/1006 579/1010/1022 
f 580/1011/1023 579/1010/1022 563/994/1006 
f 563/994/1006 565/996/1008 580/1011/1023 
f 581/1012/1024 580/1011/1023 565/996/1008 
f 565/996/1008 567/998/1010 581/1012/1024 
f 582/1013/1025 583/1014/1026 570/1001/1013 
f 570/1001/1013 569/1000/1012 582/1013/1025 
f 584/1015/1027 582/1013/1025 569/1000/1012 
f 569/1000/1012 571/1002/1014 584/1015/1027 
f 585/1016/1028 584/1015/1027 571/1002/1014 
f 571/1002/1014 572/1003/1015 585/1016/1028 
f 586/1017/1029 585/1016/1028 572/1003/1015 
f 572/1003/1015 573/1004/1016 586/1017/1029 
f 587/1018/1030 586/1017/1029 573/1004/1016 
f 573/1004/1016 574/1005/1017 587/1018/1030 
f 588/1019/1031 587/1018/1030 574/1005/1017 
f 574/1005/1017 575/1006/1018 588/1019/1031 
f 589/1020/1032 588/1019/1031 575/1006/1018 
f 575/1006/1018 576/1007/1019 589/1020/1032 
f 590/1021/1033 589/1020/1032 576/1007/1019 
f 576/1007/1019 577/1008/1020 590/1021/1033 
f 591/1022/1034 590/1021/1033 577/1008/1020 
f 577/1008/1020 578/1009/1021 591/1022/1034 
f 592/1023/1035 591/1022/1034 578/1009/1021 
f 578/1009/1021 579/1010/1022 592/1023/1035 
f 593/1024/1036 592/1023/1035 579/1010/1022 
f 579/1010/1022 580/1011/1023 593/1024/1036 
f 594/1025/1037 593/1024/1036 580/1011/1023 
f 580/1011/1023 581/1012/1024 594/1025/1037 
# 0 polygons - 72 triangles

#
# object helmet
#

v  -0.8201 0.3548 0.4337
v  -0.5966 0.5488 0.1650
v  -0.5332 0.4747 0.4488
v  0.3001 0.9100 0.4673
v  -0.0383 0.9472 0.4833
v  0.0741 0.8842 0.5660
v  0.1191 0.5621 -0.4895
v  0.0515 0.3583 -0.7751
v  0.4067 0.3824 -0.6698
v  0.2431 0.5640 0.3948
v  0.5779 0.3663 0.6065
v  0.2322 0.3798 0.7083
v  -0.6160 0.5486 -0.1694
v  -0.9869 0.3392 -0.0849
v  -0.8561 0.3591 -0.3787
v  -0.0426 0.5382 -0.8372
v  0.0703 0.5370 -0.8336
v  0.0711 0.4270 -0.8799
v  0.4636 0.5681 -0.2709
v  0.6999 0.3686 -0.5161
v  0.8263 0.3907 -0.2358
v  0.0701 0.6389 -0.7789
v  0.3849 0.6848 -0.6755
v  0.3925 0.5048 -0.7830
v  -1.2059 -0.0940 0.2970
v  -1.2150 0.0353 0.1975
v  -1.2856 -0.6030 0.2070
v  -1.1085 0.0237 -0.4756
v  -1.1540 0.0276 -0.3867
v  -1.0946 0.2646 -0.3725
v  0.4676 0.2774 0.7540
v  0.6356 0.2799 0.6692
v  0.5720 0.1571 0.7383
v  -1.0015 0.2458 0.5366
v  -0.8131 0.1356 0.7594
v  -0.8725 0.4306 0.5736
v  1.0079 0.0356 0.5854
v  0.8678 -0.0581 0.7511
v  1.0201 -0.0535 0.5924
v  1.2097 -0.0405 -0.1047
v  1.1665 -0.0446 -0.3100
v  1.1526 0.0495 -0.3064
v  0.2079 1.0672 -0.0000
v  0.0857 1.0760 -0.1004
v  -0.0368 1.0792 0.1008
v  -1.0127 0.3615 -0.4461
v  -0.8136 0.4254 -0.6306
v  -0.9408 0.2398 -0.6096
v  -0.1654 -0.3217 -0.8944
v  -0.2676 0.1429 -0.8582
v  -0.3991 -0.7167 -0.8895
v  -1.1091 -0.7299 -0.3701
v  -0.9529 -0.7275 -0.6092
v  -0.9806 -0.3378 -0.5206
v  -0.3991 -0.7167 0.8895
v  -0.6118 -0.7209 0.8278
v  -0.5934 -0.3304 0.8024
v  -0.9125 -0.2175 0.5870
v  -1.0314 -0.3385 0.4436
v  -0.9978 0.1286 0.4324
v  0.5595 0.6298 0.6306
v  0.3849 0.6848 0.6755
v  0.3925 0.5048 0.7830
v  0.0512 -0.6922 1.0730
v  -0.1769 -0.0660 1.0311
v  -0.1882 -0.7665 1.0709
v  -0.2635 0.8643 0.5593
v  -0.5842 0.8196 0.4461
v  -0.3679 0.7725 0.6249
v  -0.8267 0.7967 -0.0915
v  -0.7330 0.8741 -0.0000
v  -0.7219 0.8559 -0.1838
v  -0.9978 0.1286 -0.4324
v  -1.0389 0.1282 -0.3526
v  -1.0968 -0.2199 -0.2731
v  -1.1653 -0.7306 0.1889
v  -1.1061 -0.3393 0.2747
v  -1.1091 -0.7299 0.3701
v  0.0512 -0.6922 -1.0730
v  -0.1882 -0.7665 -1.0709
v  -0.1769 -0.0660 -1.0311
v  -0.7671 0.3427 -0.7080
v  -0.7298 0.0301 -0.8508
v  -0.0468 0.1472 -0.8736
v  0.0835 0.0325 -1.0185
v  0.2679 -0.2301 -1.0235
v  0.1789 -0.4091 -1.0417
v  1.1286 -0.0474 0.4086
v  1.1793 0.0535 0.2059
v  1.1151 0.0449 0.4038
v  0.4342 0.9848 0.1907
v  0.3149 0.9940 0.2889
v  0.4162 0.9240 0.3725
v  0.6553 0.1585 0.6909
v  0.7529 -0.1583 0.6579
v  0.8662 -0.0439 -0.5140
v  0.9582 -0.0417 -0.3572
v  0.9453 0.1647 -0.3526
v  0.0953 -0.2220 0.8879
v  0.0367 -0.7084 0.9204
v  -0.0468 0.1472 0.8736
v  0.0346 -0.7639 1.0714
v  -1.1882 0.1606 0.1944
v  -1.1540 0.0276 0.3867
v  -1.1276 0.2740 0.2833
v  -0.8875 0.6847 0.2670
v  -0.9146 0.7133 0.0910
v  -0.9808 0.6095 0.1815
v  -1.1716 -0.7836 0.6160
v  -1.0123 -0.7805 0.7827
v  -1.0982 -0.7109 0.7041
v  -0.7788 -0.5206 0.8827
v  -0.6822 -0.6111 0.9494
v  -0.6387 0.0079 0.9094
v  1.0755 0.3287 -0.0959
v  1.0370 0.3138 -0.2833
v  0.9940 0.4260 -0.2775
v  0.2039 1.0454 -0.1975
v  0.3253 1.0365 -0.0977
v  0.3149 0.9940 -0.2889
v  -0.0451 0.3103 0.9219
v  0.3006 0.3002 0.8865
v  0.0703 0.5370 0.8336
v  -0.2632 0.6227 0.7692
v  -0.4709 0.5837 0.7332
v  -0.4889 0.3856 0.8250
v  0.9041 0.1636 -0.4324
v  0.1695 0.2729 -0.8311
v  -0.1537 0.2672 -0.8423
v  -0.5101 0.9674 -0.1907
v  -0.6948 0.8044 -0.3568
v  -0.6258 0.9314 -0.0941
v  -0.2672 0.5221 -0.8230
v  -0.1532 0.6348 -0.7789
v  1.0798 -0.0505 -0.5031
v  1.1277 -0.1415 -0.4090
v  0.2112 0.0307 -1.0053
v  -0.2252 0.5557 0.4327
v  -0.1442 0.3547 0.7657
v  -0.5008 0.3657 0.6556
v  -0.2750 -0.2046 0.8763
v  0.8057 0.7158 -0.2670
v  0.8334 0.7455 -0.0910
v  0.9093 0.6544 -0.0915
v  0.8226 0.7339 0.1805
v  0.7472 0.8256 0.0915
v  0.7229 0.7926 0.2685
v  -0.2668 0.9234 0.4756
v  -0.0389 0.8868 0.5685
v  -0.4000 1.0231 -0.0977
v  -0.5174 0.9878 -0.0000
v  0.6553 0.1585 -0.6909
v  0.4811 0.1558 -0.7789
v  0.5784 -0.0492 -0.7497
v  0.8576 0.0294 -0.7420
v  0.9487 -0.1459 -0.6759
v  0.7750 -0.1491 -0.8182
v  0.0199 -0.7969 -0.9778
v  -0.5339 -0.8071 -0.9167
v  -0.5667 -0.7987 -0.9882
v  -0.8025 -0.6144 -0.8841
v  -0.6387 0.0079 -0.9094
v  -0.6822 -0.6111 -0.9494
v  0.5657 -0.0599 0.9245
v  0.7755 -0.0593 0.8179
v  0.7665 0.0287 0.8079
v  0.2112 0.0307 1.0053
v  -0.0468 0.0335 1.0229
v  0.1788 -0.4111 1.0413
v  -0.6875 -0.3324 -0.7607
v  -0.6118 -0.7209 -0.8278
v  -0.5748 0.1364 -0.7789
v  -0.2892 0.5544 -0.4736
v  -0.6706 0.3434 -0.6160
v  -0.3263 0.3695 -0.7224
v  -1.0340 -0.7977 -0.5448
v  -1.2336 -0.7138 0.5227
v  -1.3489 -0.7166 0.2156
v  -1.2826 -0.7861 0.4234
v  0.4326 0.4925 -0.4866
v  0.0524 0.7845 -0.1499
v  -0.0298 0.7829 -0.1850
v  -0.1750 0.7803 0.0364
v  -0.0928 0.7817 0.0715
v  0.8495 0.2727 0.6096
v  0.5931 0.3777 0.7543
v  0.7328 0.0808 0.7724
v  0.7835 0.6921 0.3490
v  0.7863 0.5599 0.4973
v  0.9128 0.5143 0.3568
v  0.7620 0.3889 0.3645
v  0.5207 0.4941 0.3767
v  0.6735 0.4981 0.0391
v  0.9453 0.1647 0.3526
v  0.9776 0.1656 0.2684
v  1.0328 -0.1519 0.1858
v  -1.0602 0.2503 -0.1761
v  -1.0060 0.2507 0.3430
v  -0.9182 0.2516 0.4922
v  0.8495 0.2727 -0.6096
v  0.9240 0.3972 -0.4461
v  0.9614 0.0884 -0.5614
v  0.7755 -0.0593 -0.8179
v  0.6665 0.0293 -0.8651
v  -0.9871 0.0187 -0.6368
v  -0.8313 0.0229 -0.7791
v  -0.9982 -0.8061 -0.7711
v  -1.1311 -0.8182 -0.4811
v  -1.2145 -0.8104 -0.5149
v  0.9758 -0.1534 0.3629
v  1.2142 -0.1387 -0.0000
v  1.1926 -0.1395 -0.2086
v  0.0199 -0.7969 0.9778
v  -0.4433 -0.7966 1.0189
v  -0.4188 -0.8050 0.9452
v  -0.8976 -0.7953 0.6887
v  -0.9326 -0.8145 0.7172
v  -1.0756 -0.8172 0.5664
v  -1.2059 -0.0940 -0.2970
v  -1.2302 0.0379 -0.0993
v  -1.1634 0.1548 -0.2889
v  -1.0821 0.3878 0.2775
v  -1.0604 0.5162 0.0926
v  -1.1657 0.2875 0.0959
v  0.4203 -0.2051 0.8777
v  0.7868 -0.1906 0.6860
v  0.7623 -0.1814 0.8053
v  0.1733 -0.6061 0.9575
v  0.1090 -0.7056 0.9275
v  0.1580 -0.4263 0.9084
v  1.1401 0.1148 -0.0996
v  1.0039 0.3032 0.3725
v  1.0755 0.3287 0.0959
v  1.0304 0.4446 0.0941
v  -0.4752 0.8084 -0.5366
v  -0.2614 0.7945 -0.6368
v  -0.4672 0.6691 -0.6755
v  -0.8714 0.5295 -0.4973
v  -0.9621 0.5944 -0.2685
v  -0.8658 0.6618 -0.3490
v  -0.3775 0.8975 -0.4673
v  -0.0383 0.9472 -0.4833
v  -0.1520 0.8800 -0.5660
v  0.1899 0.9318 -0.4756
v  -0.0389 0.8868 -0.5685
v  -0.9326 -0.8145 -0.7172
v  -0.8976 -0.7953 -0.6887
v  -0.7980 -0.8026 -0.8988
v  0.7852 0.4610 -0.5736
v  0.5772 0.4716 -0.7197
v  0.6386 0.6517 -0.5571
v  0.7229 0.7926 -0.2685
v  0.6312 0.8587 -0.2723
v  0.6521 0.8948 -0.0926
v  -0.6191 0.9169 0.1871
v  -0.7300 0.8694 0.0926
v  -0.7099 0.8340 0.2723
v  -0.8030 0.7645 0.2685
v  -1.2716 -0.5329 -0.2051
v  -1.3065 -0.6034 -0.0000
v  -1.2354 0.0390 -0.0000
v  -1.2834 -0.7150 -0.4238
v  -1.3489 -0.7166 -0.2156
v  -1.3350 -0.6466 -0.2138
v  -1.2504 -0.8202 -0.1000
v  -1.1301 -0.7992 -0.3763
v  -1.2357 -0.8200 0.1992
v  -1.1635 -0.7997 0.2856
v  0.7868 -0.1906 -0.6860
v  0.4203 -0.2051 -0.8777
v  0.6629 -0.1832 -0.8620
v  0.2295 -0.3413 -0.9376
v  0.2444 -0.3320 -1.0133
v  0.2983 -0.2655 -1.0011
v  0.1733 -0.6061 -0.9575
v  0.1580 -0.4263 -0.9084
v  0.1090 -0.7056 -0.9275
v  -0.3163 -0.7944 -1.0407
v  0.0276 -0.7891 -1.0541
v  -0.2723 0.4134 0.8687
v  -0.0438 0.4276 0.8837
v  -0.4222 0.0206 0.9834
v  -0.4482 -0.6998 1.0368
v  0.8750 0.2849 -0.4203
v  0.9464 0.2869 -0.2612
v  1.0198 0.1669 -0.0000
v  1.0010 0.1663 -0.1808
v  1.0144 -0.0401 -0.1830
v  0.6356 0.2799 -0.6692
v  0.4676 0.2774 -0.7540
v  0.2679 -0.2301 1.0235
v  0.6739 -0.1507 0.8760
v  0.3430 -0.2308 0.9060
v  0.4540 -0.1953 0.9489
v  -0.2605 0.2650 0.8311
v  0.0627 0.2711 0.8423
v  0.3837 0.1543 0.8126
v  0.1739 0.1511 0.8582
v  0.2734 0.2745 0.8125
v  0.0276 -0.7891 1.0541
v  0.1546 -0.6931 1.0397
v  0.1405 -0.7007 0.9638
v  -0.9990 0.4792 -0.3568
v  -1.1228 0.4078 -0.0000
v  -1.1181 0.4051 -0.0941
v  -1.1705 0.2896 -0.0000
v  -1.1165 -0.5995 -0.5891
v  -1.1751 -0.6007 -0.5002
v  -1.0352 -0.5283 -0.6646
v  1.0209 -0.1859 -0.3767
v  0.8527 -0.1797 -0.7398
v  -1.0739 0.2502 0.0886
v  -1.0946 0.1859 0.0900
v  -1.1392 -0.2202 -0.0000
v  -1.1794 -0.7307 -0.0950
v  -1.0946 0.1277 -0.1808
v  0.5492 0.9530 -0.0941
v  0.5492 0.9530 0.0941
v  0.6437 0.8810 0.1838
v  0.6552 0.8996 -0.0000
v  -1.0127 0.3615 0.4461
v  -0.7632 0.7059 0.4281
v  -0.5633 0.7096 0.5918
v  1.0951 -0.1842 -0.0969
v  1.0090 -0.1526 -0.2760
v  0.9334 -0.1545 -0.4454
v  -0.1588 0.4227 -0.8799
v  -0.5004 0.2755 -0.8598
v  -0.3191 -0.6977 -1.0591
v  -0.2995 0.0263 -1.0053
v  -1.3640 -0.7882 -0.1081
v  -1.3640 -0.7882 0.1081
v  -1.3706 -0.7172 0.0000
v  -1.3511 -0.6470 0.1074
v  0.5879 -0.1611 0.7637
v  1.0802 -0.1845 0.1926
v  -0.2784 1.0365 0.1975
v  -0.3961 1.0073 0.1944
v  -0.3905 0.9810 0.2889
v  -0.1595 1.0715 0.1004
v  -0.0370 1.0627 -0.2006
v  -0.6213 0.4731 -0.4145
v  -0.1230 0.7812 -0.1785
v  -0.2098 0.7796 -0.1073
v  -1.0528 0.0205 0.5593
v  -1.0469 -0.5982 0.6717
v  -0.9249 -0.0971 0.7187
v  -1.2226 -0.6016 0.4061
v  -0.7740 -0.3342 0.7118
v  -0.6657 0.1344 0.7383
v  -0.7095 -0.7229 0.7852
v  0.3959 0.8245 0.5366
v  0.7281 0.6329 0.4925
v  -0.3745 0.1407 -0.8391
v  -0.4929 -0.3283 -0.8367
v  -0.1211 0.4835 -0.6118
v  0.4464 0.0318 -0.9527
v  0.5657 -0.0599 -0.9245
v  0.3313 0.0311 -0.9834
v  -0.9529 -0.7275 0.6092
v  -0.8444 -0.2164 0.6502
v  -0.8813 -0.7263 0.6760
v  -1.0870 -0.7986 0.4631
v  0.6377 0.0824 0.8265
v  0.4005 0.4020 0.8250
v  -0.7298 0.0301 0.8508
v  -0.7439 0.4329 0.6789
v  -0.8313 0.0229 0.7791
v  0.0701 0.6389 0.7789
v  -0.4672 0.6691 0.6755
v  -0.1517 0.7274 0.7159
v  -0.1514 0.8091 0.6446
v  -0.9661 0.2510 -0.4203
v  -0.7267 0.2549 -0.6692
v  -0.8625 0.2524 -0.5579
v  -0.8241 0.1312 -0.6366
v  -1.1719 -0.7124 -0.6165
v  -1.0865 -0.6411 -0.6970
v  -1.0980 -0.7821 -0.7035
v  -0.9143 -0.7789 -0.8517
v  0.0885 -0.7721 0.9705
v  0.1014 -0.7648 1.0464
v  -0.0618 -0.7101 0.9240
v  0.1405 -0.7007 -0.9638
v  0.1546 -0.6931 -1.0397
v  0.1868 -0.6060 -1.0318
v  -1.1872 -0.8000 -0.1920
v  -1.2062 -0.8002 -0.0000
v  -0.9482 0.1292 0.5069
v  -0.7490 0.1326 0.6909
v  -0.7267 0.2549 0.6692
v  -0.6855 -0.8007 0.9482
v  -0.5727 -0.7021 1.0040
v  1.0991 0.1062 -0.2946
v  0.9494 -0.0561 -0.6755
v  0.9381 0.0319 -0.6674
v  0.9829 0.2881 -0.0886
v  0.9691 0.2876 0.1761
v  0.8942 0.3738 0.0754
v  0.3885 0.7597 -0.6096
v  0.1853 0.8726 -0.5593
v  0.5051 0.8396 -0.4461
v  0.7570 0.6638 -0.4249
v  -0.7413 0.6685 -0.4973
v  -0.6430 0.6077 -0.6306
v  -0.4709 0.5837 -0.7332
v  -0.5890 0.3693 -0.7931
v  1.0520 -0.1514 -0.0000
v  -0.7998 -0.7247 -0.7346
v  0.9093 0.6544 0.0915
v  0.8373 0.7496 -0.0000
v  1.0351 0.4475 -0.0000
v  1.1723 -0.1742 -0.2058
v  1.1936 -0.1738 -0.0000
v  1.0194 -0.1443 0.5929
v  0.8672 -0.1475 0.7514
v  1.0019 -0.1770 0.5842
v  0.3252 -0.1936 0.8676
v  0.4024 -0.1711 0.8404
v  -0.9204 0.3586 0.2216
v  -1.2204 -0.6439 -0.5178
v  -1.0389 0.1282 0.3526
v  -1.0946 0.1277 0.1808
v  -1.0602 0.2503 0.1761
v  0.2387 -0.2443 0.8855
v  0.2801 -0.2753 0.9260
v  0.2295 -0.3413 0.9376
v  -0.8882 -0.5941 0.8159
v  -1.3350 -0.6466 0.2138
v  -1.2698 -0.6450 0.4200
v  -0.0373 1.0351 -0.2983
v  -0.2784 1.0365 -0.1975
v  0.8190 0.0810 0.7100
v  0.9614 0.0884 0.5614
v  0.8576 0.0294 0.7420
v  0.0205 0.4861 0.5739
v  -1.0270 0.4950 0.2723
v  -0.9621 0.5944 0.2685
v  -0.8399 0.6344 0.4249
v  0.8221 0.5843 -0.4281
v  0.9750 0.5536 -0.0926
v  0.9412 0.5312 -0.2723
v  0.8784 0.6283 -0.2685
v  0.0834 -0.3334 -0.8944
v  0.0642 0.1492 -0.8698
v  0.1739 0.1511 -0.8582
v  0.3252 -0.1936 -0.8676
v  0.7714 0.2824 0.5579
v  0.9149 0.2860 0.3430
v  0.9041 0.1636 0.4324
v  -0.9143 -0.7789 0.8517
v  -1.0027 -0.6397 0.7727
v  -0.9982 -0.8061 0.7711
v  -1.0648 0.5194 -0.0000
v  -1.0476 0.5077 -0.1838
v  -0.9184 0.7173 -0.0000
v  -0.9040 0.7021 -0.1805
v  -0.9925 0.6194 -0.0915
v  -0.4054 -0.7857 -0.9065
v  0.0213 -0.7777 -0.9378
v  -0.0618 -0.7101 -0.9240
v  0.6986 0.2699 -0.7332
v  0.8190 0.0810 -0.7100
v  0.6377 0.0824 -0.8265
v  0.5931 0.3777 -0.7543
v  0.3680 -0.2210 -0.9795
v  -0.9208 -0.3369 -0.5915
v  -0.9482 0.1292 -0.5069
v  -0.8904 0.1300 -0.5751
v  -1.2633 -0.8115 0.4176
v  -1.3274 -0.8130 0.2125
v  -0.5842 0.8196 -0.4461
v  -0.4934 0.9073 -0.3725
v  0.6155 0.8285 0.3568
v  0.5801 0.7457 0.5084
v  1.1935 -0.0422 0.2083
v  1.1926 -0.1395 0.2086
v  1.1277 -0.1415 0.4090
v  1.1723 -0.1742 0.2058
v  -0.7219 -0.7920 0.8004
v  0.6982 0.5270 0.6070
v  0.7852 0.4610 0.5736
v  -0.0405 0.7335 -0.7190
v  0.0705 0.7314 -0.7159
v  0.0720 0.8132 -0.6446
v  0.5779 0.3663 -0.6160
v  0.6746 -0.1596 -0.7145
v  0.8545 0.1623 -0.5069
v  0.7967 0.1611 -0.5751
v  -1.3013 -0.6033 -0.1040
v  -1.2226 -0.6016 -0.4061
v  0.6735 0.4981 -0.0769
v  0.0873 0.7851 -0.0062
v  0.0873 0.7851 -0.1073
v  0.4260 0.9593 -0.2833
v  -0.5024 0.9422 0.2833
v  -1.1619 -0.5307 0.4953
v  -1.1085 0.0237 0.4756
v  -0.6931 -0.7752 -0.9623
v  -0.5734 -0.7731 -1.0039
v  -0.4275 -0.0739 -0.9956
v  -0.4483 -0.7710 -1.0355
v  -0.4643 0.2606 0.7867
v  -0.7926 0.3411 0.5066
v  -0.6706 0.3434 0.6065
v  0.2801 -0.2753 -0.9260
v  -0.6251 0.0652 -0.8831
v  -0.2894 0.0852 -0.9601
v  1.0633 0.1003 0.3880
v  0.0705 0.7314 0.7159
v  -0.0397 0.8156 0.6474
v  -1.1594 -0.6426 0.6106
v  0.2099 -0.4135 1.0205
v  0.1870 -0.5980 1.0334
v  -0.5153 0.9827 0.0959
v  -0.2820 1.0582 -0.0000
v  0.2039 1.0454 0.1975
v  -0.2708 0.9718 0.3867
v  -0.0377 0.9966 0.3929
v  -0.0373 1.0351 0.2983
v  -0.3745 0.1407 0.8391
v  -0.5748 0.1364 0.7789
v  0.1944 0.0943 -0.9601
v  -0.0474 0.0943 -0.9769
v  -0.0438 0.4276 -0.8837
v  -0.7217 0.6267 0.5571
v  0.9229 -0.1880 0.5438
v  0.8821 -0.1556 0.5227
v  -0.6657 0.1344 -0.7383
v  -0.5587 0.2585 -0.7540
v  -0.3645 0.2628 -0.8125
v  -0.4773 0.1385 -0.8126
v  -0.1442 0.3547 -0.7751
v  1.1084 -0.1752 -0.4033
v  1.0019 -0.1770 -0.5842
v  1.0194 -0.1443 -0.5929
v  -1.3008 -0.8124 -0.3165
v  -0.3905 0.9810 -0.2889
v  -0.1549 0.9893 -0.3912
v  -0.2676 0.1429 0.8582
v  0.6999 0.3686 0.5066
v  1.1247 0.1113 0.1981
v  1.2008 0.0573 -0.0000
v  -0.2912 -0.7835 0.9260
v  0.0346 -0.7639 -1.0714
v  0.1732 -0.5853 -1.0520
v  0.1303 -0.6920 -1.0605
v  -0.2894 0.0852 0.9601
v  0.0741 0.0953 0.9727
v  0.8545 0.1623 0.5069
v  -1.2302 0.0379 0.0993
v  0.4094 0.2922 -0.8595
v  0.4261 0.0886 -0.9099
v  0.8220 -0.1569 -0.5937
v  -0.4483 -0.7710 1.0355
v  -0.6931 -0.7752 0.9623
v  -0.1517 0.7274 -0.7159
v  -0.0397 0.8156 -0.6474
v  -1.0713 0.1279 -0.2684
v  -1.1087 0.1276 -0.0910
v  0.2734 0.2745 -0.8125
v  -0.0415 0.6406 0.7823
v  -0.0426 0.5382 0.8372
v  -0.6633 0.5292 0.0672
v  -0.2201 0.7793 -0.0568
v  -0.2098 0.7796 -0.0062
v  -0.8173 0.7843 0.1815
v  1.1084 -0.1752 0.4033
v  -1.0027 -0.6397 -0.7727
v  -0.8882 -0.5941 -0.8159
v  0.1303 -0.6920 1.0605
v  0.5589 0.0308 0.9133
v  0.3313 0.0311 0.9834
v  0.4261 0.0886 0.9099
v  -0.6251 0.0652 0.8831
v  -0.5162 -0.7879 0.8792
v  0.8942 0.3738 -0.0849
v  -1.0015 0.2458 -0.5366
v  -1.0669 -0.0981 -0.5660
v  -1.1653 -0.7306 -0.1889
v  1.0669 0.0401 -0.4971
v  0.4820 0.7288 -0.5918
v  0.5595 0.6298 -0.6306
v  0.5772 0.4716 0.7197
v  0.7714 0.2824 -0.5579
v  -0.1744 0.0310 -1.0185
v  0.2101 -0.4055 -1.0220
v  0.9621 0.5447 0.1838
v  0.9795 0.5570 -0.0000
v  0.2387 -0.2443 -0.8855
v  -0.8241 0.1312 0.6366
v  -0.1690 0.0907 0.9727
v  -0.1744 0.0310 1.0185
v  -1.0146 -0.7285 0.5353
v  -0.7926 0.3411 -0.5161
v  -0.6430 0.6077 0.6306
v  0.2983 -0.2655 1.0011
v  -0.8904 0.1300 0.5751
v  0.7304 0.1598 0.6366
v  -0.6497 0.5335 -0.6789
v  1.0304 0.4446 -0.0941
v  -0.7230 0.5109 -0.6464
v  -1.1542 -0.8091 0.6071
v  -0.5370 0.0143 0.9517
v  -0.7490 0.1326 -0.6909
v  1.1954 0.0562 -0.1035
v  0.0885 -0.7721 -0.9705
v  0.5656 -0.1523 -0.9246
v  -1.3433 -0.8134 -0.1067
v  -1.3208 -0.7871 -0.3208
v  0.0004 0.7835 0.0649
v  0.3253 1.0365 0.0977
v  0.4420 1.0054 -0.0000
v  0.4398 1.0002 -0.0959
v  -1.1165 -0.5995 0.5891
v  0.0515 0.3583 0.7657
v  -1.1186 0.0483 0.0916
v  0.1817 0.8026 0.6368
v  0.3680 -0.2210 0.9795
v  -0.9869 0.3392 0.0754
v  -0.6221 -0.7900 -0.8439
v  0.0793 0.9936 0.3912
v  -1.2081 0.1662 -0.0000
v  -0.5370 0.0143 -0.9517
v  0.1014 -0.7648 -1.0464
v  0.4024 -0.1711 -0.8404
v  -1.2031 0.1646 -0.0977
v  -1.1513 0.2819 -0.1907
v  0.5318 0.9142 -0.2775
v  -0.6093 0.8933 0.2775
v  0.7967 0.1611 0.5751
v  0.0213 -0.7777 0.9378
v  -0.8813 -0.7263 -0.6760
v  -0.0437 -0.0668 1.0355
v  1.0010 0.1663 0.1808
v  0.7304 0.1598 -0.6366
v  0.1949 0.9804 -0.3867
v  -0.0377 0.9966 -0.3929
v  -0.0370 1.0627 0.2006
v  0.1960 -0.4223 0.9446
v  -1.2330 -0.7850 -0.5222
v  -1.0314 -0.3385 -0.4436
v  0.7472 0.8256 -0.0915
# 643 vertices

vn 0.4727 -0.8307 -0.2941
vn 0.4040 -0.8882 -0.2186
vn 0.2723 -0.8803 -0.3886
vn 0.2224 0.8394 0.4960
vn -0.0048 0.8626 0.5059
vn 0.1087 0.8072 0.5801
vn -0.1200 -0.8381 0.5322
vn -0.0598 -0.7247 0.6865
vn -0.2090 -0.7788 0.5915
vn -0.1829 -0.8805 -0.4373
vn -0.3084 -0.8016 -0.5122
vn -0.1504 -0.8117 -0.5644
vn 0.4531 -0.8804 0.1402
vn 0.5985 -0.7968 0.0831
vn 0.5174 -0.8138 0.2645
vn -0.0043 0.4718 -0.8817
vn 0.1051 0.4611 -0.8811
vn 0.1051 0.3450 -0.9327
vn -0.3954 -0.8851 0.2455
vn -0.4540 -0.7922 0.4078
vn -0.5111 -0.8350 0.2039
vn 0.0768 0.5310 -0.8439
vn 0.2803 0.5936 -0.7543
vn 0.2759 0.4505 -0.8491
vn -0.9370 0.1022 0.3342
vn -0.9557 0.1700 0.2405
vn -0.8543 0.4862 0.1839
vn -0.8322 0.1847 -0.5229
vn -0.8997 0.1727 -0.4008
vn -0.8486 0.3326 -0.4113
vn -0.3107 -0.5206 -0.7953
vn -0.4710 -0.5068 -0.7220
vn -0.4349 -0.1741 -0.8835
vn -0.7464 0.3000 0.5940
vn -0.5881 0.2910 0.7547
vn -0.6378 0.4441 0.6293
vn 0.7021 0.4603 0.5434
vn 0.6477 0.0812 0.7576
vn 0.7940 0.0908 0.6011
vn 0.9920 0.0791 -0.0987
vn 0.9472 0.0867 -0.3086
vn 0.8419 0.4567 -0.2874
vn 0.1567 0.9876 0.0078
vn 0.0623 0.9939 -0.0907
vn 0.0000 0.9975 0.0713
vn -0.7668 0.3972 -0.5042
vn -0.5968 0.4313 -0.6766
vn -0.6695 0.3171 -0.6717
vn 0.0576 -0.0597 0.9966
vn 0.1305 -0.1487 0.9802
vn 0.1908 -0.1639 0.9678
vn 0.8922 -0.1997 0.4050
vn 0.7397 -0.1760 0.6495
vn 0.8032 -0.0671 0.5920
vn 0.1976 -0.1637 -0.9665
vn 0.3430 -0.1592 -0.9257
vn 0.3200 -0.0692 -0.9449
vn 0.7420 -0.0722 -0.6665
vn 0.8626 -0.0802 -0.4995
vn 0.8476 -0.1697 -0.5029
vn 0.4280 0.5745 0.6977
vn 0.2915 0.6043 0.7415
vn 0.2762 0.4648 0.8413
vn 0.0740 0.0110 0.9972
vn -0.0898 0.0998 0.9909
vn -0.0467 -0.4898 0.8706
vn -0.1822 0.7855 0.5915
vn -0.3957 0.7769 0.4897
vn -0.2363 0.6883 0.6858
vn -0.6172 0.7770 -0.1239
vn -0.5212 0.8534 0.0075
vn -0.5026 0.8294 -0.2440
vn 0.8538 -0.1621 0.4948
vn 0.8992 -0.1856 0.3961
vn 0.9371 -0.0718 0.3416
vn 0.9729 -0.1569 -0.1697
vn 0.9431 -0.0771 -0.3235
vn 0.9017 -0.1859 -0.3905
vn 0.0712 0.0097 -0.9974
vn -0.0456 -0.3574 -0.9328
vn -0.0612 0.0982 -0.9933
vn -0.5145 0.3622 -0.7773
vn -0.5086 0.2354 -0.8282
vn 0.0017 -0.1603 0.9871
vn 0.0599 0.3794 -0.9233
vn 0.2596 -0.0232 -0.9654
vn 0.2852 0.0302 -0.9580
vn 0.9081 0.0899 0.4090
vn 0.8676 0.4578 0.1943
vn 0.8036 0.4606 0.3768
vn 0.3580 0.9073 0.2206
vn 0.2336 0.9149 0.3292
vn 0.3424 0.8491 0.4022
vn -0.5300 -0.1702 -0.8308
vn -0.5407 -0.5204 -0.6609
vn -0.7868 -0.1228 0.6049
vn -0.9043 -0.1368 0.4044
vn -0.9042 -0.1764 0.3889
vn -0.0328 -0.0706 -0.9970
vn 0.0412 -0.1787 -0.9830
vn 0.0088 -0.1611 -0.9869
vn 0.1148 -0.3618 0.9252
vn -0.9424 0.2533 0.2186
vn -0.8982 0.1876 0.3975
vn -0.8877 0.3235 0.3278
vn -0.6735 0.6690 0.3143
vn -0.7068 0.6999 0.1030
vn -0.7842 0.5897 0.1930
vn -0.7609 -0.3203 0.5643
vn -0.6112 -0.2840 0.7388
vn -0.7199 0.0876 0.6885
vn -0.5398 0.0756 0.8384
vn -0.4381 0.1033 0.8930
vn -0.4274 0.2739 0.8616
vn 0.9343 0.3439 -0.0941
vn 0.8836 0.3419 -0.3200
vn 0.8472 0.4300 -0.3121
vn 0.1573 0.9604 -0.2299
vn 0.2560 0.9609 -0.1052
vn 0.2480 0.9130 -0.3240
vn 0.0094 0.3022 0.9532
vn 0.1953 0.3111 0.9301
vn 0.1131 0.4332 0.8942
vn -0.1674 0.5356 0.8277
vn -0.3036 0.5007 0.8106
vn -0.2997 0.3708 0.8790
vn -0.8549 -0.1627 0.4927
vn -0.1147 -0.4652 0.8778
vn 0.0588 -0.4428 0.8947
vn -0.3641 0.9049 -0.2206
vn -0.5043 0.7762 -0.3785
vn -0.4379 0.8922 -0.1105
vn -0.1779 0.4477 -0.8763
vn -0.0969 0.5401 -0.8360
vn 0.8576 0.0868 -0.5069
vn 0.8818 -0.2626 -0.3918
vn 0.1362 0.3754 -0.9168
vn 0.1141 -0.8699 -0.4798
vn 0.0643 -0.7682 -0.6369
vn 0.2084 -0.8023 -0.5594
vn 0.1472 -0.0554 -0.9875
vn 0.6713 0.6759 -0.3040
vn 0.6981 0.7028 -0.1369
vn 0.7782 0.6165 -0.1196
vn 0.7110 0.6641 0.2312
vn 0.6122 0.7837 0.1050
vn 0.5871 0.7433 0.3207
vn -0.1890 0.8442 0.5017
vn -0.0180 0.8025 0.5964
vn -0.2600 0.9614 -0.0902
vn -0.3478 0.9375 0.0082
vn -0.5125 -0.1781 0.8400
vn -0.3622 -0.1688 0.9167
vn -0.4208 -0.0925 0.9024
vn 0.5651 0.4235 -0.7080
vn 0.6724 -0.3012 -0.6761
vn 0.5295 -0.2854 -0.7989
vn 0.1461 -0.9777 0.1509
vn 0.0426 -0.9921 0.1178
vn -0.0243 -0.9945 -0.1015
vn -0.5199 0.1582 -0.8394
vn -0.4247 0.2737 -0.8630
vn -0.4044 0.0960 -0.9095
vn 0.3699 0.0635 0.9269
vn 0.5434 0.0345 0.8388
vn 0.4786 0.4437 0.7577
vn 0.1271 0.3964 0.9092
vn 0.0193 0.3984 0.9170
vn 0.3042 0.0064 0.9526
vn 0.4477 -0.0684 0.8915
vn 0.3583 -0.1710 0.9178
vn 0.3657 -0.1514 0.9183
vn 0.1873 -0.8394 0.5102
vn 0.3392 -0.7612 0.5527
vn 0.1688 -0.7642 0.6224
vn 0.5938 -0.6632 0.4556
vn -0.8679 0.0840 0.4895
vn -0.9753 0.0297 0.2188
vn -0.8839 -0.2953 0.3626
vn -0.2788 -0.8614 0.4245
vn -0.2733 -0.8732 0.4035
vn -0.0753 -0.8500 0.5213
vn 0.2731 -0.8880 -0.3700
vn 0.0792 -0.8813 -0.4658
vn 0.6726 0.3500 0.6520
vn 0.4464 0.3593 0.8195
vn 0.4717 0.5302 0.7045
vn 0.6409 0.6551 0.4000
vn 0.6657 0.5187 0.5365
vn 0.7791 0.4842 0.3983
vn -0.4793 -0.8392 -0.2570
vn -0.3287 -0.8952 -0.3010
vn -0.4371 -0.8953 -0.0857
vn -0.8975 -0.1936 -0.3963
vn -0.9308 -0.1981 -0.3071
vn -0.8264 -0.5377 -0.1674
vn 0.8216 -0.5379 0.1887
vn 0.7576 -0.5539 -0.3454
vn 0.6762 -0.5334 -0.5081
vn 0.6745 0.3381 -0.6563
vn 0.7770 0.4022 -0.4842
vn 0.6756 0.5344 -0.5079
vn 0.5633 0.0841 -0.8220
vn 0.4213 0.4318 -0.7975
vn -0.7252 0.1704 -0.6672
vn -0.6128 0.1972 -0.7652
vn -0.0687 -0.9945 -0.0794
vn 0.0966 -0.9941 0.0495
vn -0.0799 -0.9955 -0.0516
vn -0.8802 -0.1628 -0.4458
vn 0.9719 -0.2352 0.0122
vn 0.9445 -0.2632 -0.1969
vn 0.1385 -0.9780 -0.1558
vn -0.0175 -0.9944 0.1043
vn 0.0328 -0.9914 -0.1266
vn 0.4605 -0.6885 -0.5603
vn 0.0786 -0.9933 -0.0851
vn 0.0760 -0.9956 -0.0556
vn -0.9500 0.1160 -0.2900
vn -0.9805 0.1491 -0.1279
vn -0.9224 0.2424 -0.3007
vn -0.8562 0.4197 0.3014
vn -0.8382 0.5312 0.1234
vn -0.9280 0.3494 0.1292
vn 0.0310 -0.9478 -0.3175
vn -0.1353 -0.9758 -0.1717
vn 0.0744 -0.9931 0.0903
vn 0.8554 -0.2231 -0.4675
vn 0.4408 -0.3481 -0.8273
vn 0.3662 -0.1722 -0.9145
vn 0.8342 0.5448 -0.0856
vn 0.8419 0.3663 0.3962
vn 0.9679 0.2497 -0.0273
vn 0.8877 0.4338 0.1543
vn -0.3215 0.7363 -0.5954
vn -0.1838 0.7116 -0.6781
vn -0.2941 0.6195 -0.7278
vn -0.6490 0.5219 -0.5536
vn -0.7451 0.5869 -0.3167
vn -0.6456 0.6543 -0.3937
vn -0.2273 0.8380 -0.4960
vn -0.0010 0.8626 -0.5059
vn -0.1142 0.8065 -0.5801
vn 0.1845 0.8446 -0.5027
vn 0.0125 0.8026 -0.5964
vn 0.0702 -0.9942 0.0812
vn 0.4593 -0.6745 0.5780
vn -0.0383 -0.9959 -0.0819
vn 0.6208 0.4519 -0.6407
vn 0.4456 0.4513 -0.7732
vn 0.5196 0.6036 -0.6047
vn 0.5799 0.7483 -0.3221
vn 0.5089 0.7984 -0.3219
vn 0.5197 0.8435 -0.1357
vn -0.4147 0.8894 0.1925
vn -0.5271 0.8433 0.1044
vn -0.5057 0.7981 0.3277
vn -0.5855 0.7446 0.3206
vn -0.9748 0.0812 -0.2077
vn -0.8928 0.4502 -0.0152
vn -0.9886 0.1504 -0.0045
vn -0.9152 0.1226 -0.3838
vn -0.9790 0.0778 -0.1883
vn -0.8356 0.5234 -0.1668
vn 0.1153 -0.9932 0.0128
vn 0.6988 -0.6591 0.2779
vn 0.1010 -0.9947 -0.0176
vn 0.7123 -0.6605 -0.2376
vn -0.1312 -0.9774 0.1659
vn 0.0496 -0.9335 0.3551
vn 0.0740 -0.9941 -0.0793
vn 0.7896 -0.4604 0.4057
vn 0.8016 -0.5971 -0.0300
vn 0.6402 -0.7666 0.0488
vn 0.8496 -0.2274 0.4759
vn 0.3169 -0.1639 0.9342
vn 0.4164 -0.3438 0.8416
vn -0.0095 -0.9981 -0.0604
vn 0.1595 -0.9847 -0.0697
vn -0.1585 0.3690 0.9158
vn 0.0134 0.3588 0.9333
vn -0.2171 0.4196 0.8814
vn -0.2002 0.0243 0.9795
vn -0.7206 -0.5520 0.4195
vn -0.7962 -0.5426 0.2676
vn -0.9776 -0.2106 -0.0023
vn -0.9625 -0.1800 0.2031
vn -0.9722 -0.1165 0.2034
vn -0.4751 -0.4816 0.7364
vn -0.3204 -0.4846 0.8139
vn 0.2467 -0.0188 0.9689
vn 0.4339 -0.2903 0.8529
vn 0.2777 -0.8727 -0.4017
vn 0.1698 -0.9843 0.0486
vn 0.1315 -0.5033 -0.8540
vn -0.0550 -0.4718 -0.8800
vn -0.2874 -0.1714 -0.9424
vn -0.1328 -0.1577 -0.9785
vn -0.1930 -0.5051 -0.8412
vn 0.1540 -0.9850 0.0772
vn 0.8712 -0.4773 -0.1153
vn 0.8154 -0.4654 -0.3442
vn -0.7787 0.4909 -0.3906
vn -0.9019 0.4316 0.0178
vn -0.8915 0.4300 -0.1423
vn -0.9398 0.3415 -0.0150
vn -0.7020 0.4550 -0.5479
vn -0.7621 0.4772 -0.4376
vn -0.6996 0.0836 -0.7096
vn -0.1912 -0.9776 0.0876
vn 0.0742 -0.9944 -0.0748
vn 0.8530 -0.5189 -0.0562
vn 0.9616 -0.2641 -0.0750
vn 0.9976 -0.0667 0.0163
vn 0.9807 -0.1841 0.0652
vn 0.9656 -0.1676 0.1987
vn 0.4300 0.8950 -0.1185
vn 0.4310 0.8935 0.1262
vn 0.4788 0.8467 0.2321
vn 0.5256 0.8506 0.0153
vn -0.7765 0.4069 0.4811
vn -0.5374 0.6966 0.4754
vn -0.3612 0.6575 0.6612
vn -0.1929 -0.9809 0.0245
vn -0.8090 -0.5362 0.2410
vn -0.7400 -0.4787 0.4725
vn -0.0991 0.3527 -0.9305
vn -0.2569 0.3259 -0.9098
vn -0.1366 0.0094 -0.9906
vn -0.1555 0.3938 -0.9060
vn -0.9950 -0.0081 -0.0995
vn -0.9919 -0.0472 0.1176
vn -0.9880 0.1521 -0.0272
vn -0.8818 0.4634 0.0878
vn -0.4235 -0.3713 -0.8263
vn -0.2094 -0.9770 -0.0407
vn -0.1588 0.9617 0.2236
vn -0.2640 0.9482 0.1765
vn -0.2473 0.9062 0.3430
vn -0.0757 0.9924 0.0967
vn -0.0186 0.9845 -0.1742
vn 0.3560 -0.8647 0.3544
vn 0.1719 -0.8591 0.4821
vn 0.3882 -0.8873 0.2488
vn -0.7626 0.1787 0.6217
vn -0.6542 0.3865 0.6501
vn -0.6825 0.1395 0.7174
vn -0.8010 0.4830 0.3538
vn 0.5496 -0.0720 -0.8323
vn 0.4381 -0.1779 -0.8811
vn 0.4615 -0.1776 -0.8692
vn 0.3197 0.7448 0.5858
vn 0.5720 0.6145 0.5433
vn 0.2096 -0.1422 0.9674
vn 0.2686 -0.0677 0.9609
vn 0.0386 -0.8251 0.5637
vn 0.2808 0.3882 -0.8777
vn 0.3738 0.0897 -0.9231
vn 0.2167 0.3974 -0.8917
vn 0.7355 -0.1190 -0.6670
vn 0.6351 -0.0690 -0.7694
vn 0.6034 -0.1844 -0.7758
vn 0.6613 -0.6588 -0.3587
vn 0.3936 0.4988 0.7722
vn 0.2877 0.3637 0.8860
vn -0.5005 0.2315 0.8342
vn -0.4987 0.4281 0.7536
vn -0.6391 0.1844 0.7467
vn 0.1162 0.5405 0.8333
vn -0.3116 0.6336 0.7081
vn -0.1021 0.6312 0.7689
vn -0.1080 0.7198 0.6858
vn 0.7408 -0.5335 0.4080
vn 0.4829 -0.4781 0.7337
vn 0.6306 -0.4934 0.5991
vn 0.6279 -0.1703 0.7594
vn -0.7998 0.0841 -0.5943
vn -0.6292 0.4809 -0.6106
vn -0.6987 0.0094 -0.7154
vn -0.5095 -0.2842 -0.8122
vn 0.5214 -0.7923 -0.3169
vn 0.5832 -0.8120 -0.0225
vn 0.0211 -0.1476 -0.9888
vn 0.8132 -0.4665 0.3480
vn 0.8655 -0.4881 0.1126
vn 0.9571 -0.2375 0.1662
vn 0.7350 -0.6549 0.1758
vn 0.7033 -0.7105 -0.0227
vn 0.7934 -0.1555 -0.5885
vn 0.5367 -0.1561 -0.8292
vn 0.4699 -0.5031 -0.7253
vn -0.0303 -0.9966 0.0768
vn -0.2987 -0.0113 0.9543
vn 0.7872 0.5424 -0.2934
vn 0.7046 0.0827 -0.7047
vn 0.6462 0.4678 -0.6030
vn -0.8476 -0.5250 0.0767
vn -0.8133 -0.5547 -0.1757
vn -0.5777 -0.8118 -0.0851
vn 0.2842 0.7066 -0.6480
vn 0.1846 0.7755 -0.6038
vn 0.3972 0.7762 -0.4897
vn 0.5993 0.6401 -0.4807
vn -0.5250 0.6420 -0.5588
vn -0.4373 0.5979 -0.6718
vn -0.2895 0.5035 -0.8140
vn -0.3637 0.4032 -0.8398
vn -0.8743 -0.4853 -0.0134
vn 0.5084 -0.1171 0.8531
vn 0.7766 0.6169 0.1280
vn 0.7029 0.7111 0.0154
vn 0.9088 0.4173 0.0021
vn 0.0855 -0.9962 -0.0183
vn 0.0856 -0.9963 0.0014
vn 0.7717 -0.2639 0.5787
vn 0.6080 -0.3553 0.7100
vn 0.6680 -0.5382 0.5138
vn -0.0720 -0.4456 -0.8923
vn -0.2419 -0.4751 -0.8460
vn 0.5240 -0.8284 -0.1982
vn -0.7667 0.4762 -0.4307
vn 0.9094 -0.1710 -0.3791
vn 0.9583 -0.1749 -0.2260
vn 0.8229 -0.5298 -0.2053
vn 0.1168 -0.3223 -0.9394
vn 0.5213 -0.7236 -0.4524
vn 0.7564 -0.4862 -0.4376
vn -0.5537 0.2985 0.7774
vn -0.8463 0.5002 0.1833
vn -0.8254 0.4510 0.3396
vn 0.0006 0.9531 -0.3026
vn -0.1468 0.9661 -0.2122
vn 0.5431 0.5359 0.6464
vn 0.6632 0.5389 0.5193
vn 0.5841 0.4565 0.6712
vn -0.0345 -0.8659 -0.4991
vn -0.7982 0.5090 0.3221
vn -0.7482 0.5708 0.3382
vn -0.6459 0.5947 0.4787
vn 0.6882 0.5421 -0.4823
vn 0.8401 0.5253 -0.1356
vn 0.8031 0.5012 -0.3223
vn 0.7444 0.5944 -0.3044
vn 0.0054 -0.0882 0.9961
vn -0.0576 -0.1655 0.9845
vn -0.1545 -0.1577 0.9753
vn -0.1601 -0.3530 0.9218
vn -0.6282 -0.5281 -0.5713
vn -0.7452 -0.5710 -0.3446
vn -0.8344 -0.2113 -0.5090
vn -0.4756 -0.3373 0.8124
vn -0.5612 0.4674 0.6831
vn -0.5037 -0.6204 0.6012
vn -0.2988 -0.5661 0.7683
vn -0.8352 0.5500 -0.0036
vn -0.8467 0.4788 -0.2321
vn -0.7165 0.6975 0.0076
vn -0.6641 0.7110 -0.2312
vn -0.7846 0.6130 -0.0931
vn 0.1355 -0.5891 0.7966
vn 0.1373 -0.6332 0.7617
vn 0.0567 -0.1067 0.9927
vn 0.4182 0.2104 -0.8836
vn 0.5291 0.5289 -0.6636
vn 0.4044 0.5115 -0.7582
vn 0.4421 0.3577 -0.8226
vn 0.3774 -0.9257 -0.0235
vn 0.7358 -0.0752 0.6730
vn 0.7880 -0.1730 0.5909
vn 0.7148 -0.1625 0.6802
vn -0.0704 -0.9970 0.0323
vn -0.0828 -0.9964 0.0159
vn -0.4113 0.7603 -0.5028
vn -0.3388 0.8553 -0.3921
vn 0.4833 0.7784 0.4007
vn 0.4577 0.6922 0.5580
vn 0.9759 0.0884 0.1996
vn 0.9437 -0.2659 0.1971
vn 0.8806 -0.2663 0.3920
vn 0.8316 -0.5268 0.1760
vn 0.4037 -0.3987 -0.8234
vn 0.5356 0.4848 0.6915
vn 0.6467 0.4143 0.6404
vn -0.0008 0.6228 -0.7824
vn 0.1171 0.6318 -0.7662
vn 0.1092 0.7205 -0.6848
vn -0.3438 -0.7651 0.5444
vn -0.4682 -0.4264 0.7739
vn -0.7858 -0.1835 0.5906
vn -0.7133 -0.1660 0.6809
vn -0.8461 0.5281 -0.0720
vn -0.8371 0.4384 -0.3272
vn -0.4466 -0.8920 0.0705
vn -0.3636 -0.9143 -0.1786
vn -0.3988 -0.9028 0.1608
vn 0.3276 0.8881 -0.3225
vn -0.3392 0.8816 0.3281
vn -0.8606 0.1048 0.4984
vn -0.8483 0.1822 0.4972
vn -0.2284 -0.5936 -0.7717
vn -0.4029 -0.4370 -0.8042
vn -0.3629 -0.2922 -0.8848
vn -0.2831 -0.2635 -0.9222
vn -0.2261 0.1157 -0.9672
vn -0.1997 -0.3278 -0.9234
vn 0.2556 -0.5185 -0.8160
vn 0.4461 -0.7905 -0.4197
vn 0.3240 -0.7801 -0.5352
vn 0.4940 -0.7458 0.4469
vn -0.3320 0.4063 -0.8513
vn -0.1473 0.4792 -0.8653
vn 0.7599 0.5409 0.3605
vn 0.0966 0.6346 0.7668
vn 0.0072 0.7152 0.6989
vn -0.7093 0.4760 0.5199
vn 0.5426 -0.1079 0.8330
vn 0.4837 -0.0274 0.8748
vn -0.3481 0.9319 0.1019
vn -0.1516 0.9883 -0.0137
vn 0.1494 0.9636 0.2218
vn -0.1772 0.9053 0.3860
vn -0.0245 0.9131 0.4070
vn -0.0070 0.9531 0.3026
vn 0.2269 -0.1470 -0.9628
vn 0.3586 -0.1717 -0.9176
vn 0.1392 0.4835 -0.8642
vn 0.0026 0.4549 -0.8906
vn 0.0022 0.3452 -0.9385
vn -0.5203 0.5938 0.6138
vn -0.1744 -0.9782 -0.1130
vn -0.6874 -0.5245 -0.5024
vn 0.0864 -0.9943 0.0625
vn 0.4480 -0.1610 0.8794
vn 0.3187 -0.5007 0.8048
vn 0.1984 -0.4807 0.8541
vn 0.2869 -0.1562 0.9451
vn 0.0574 -0.7254 0.6860
vn 0.7734 -0.5286 -0.3498
vn 0.6822 -0.5399 -0.4930
vn 0.7855 -0.2529 -0.5648
vn -0.0715 -0.9972 -0.0237
vn -0.2398 0.9133 -0.3292
vn -0.1229 0.9067 -0.4034
vn 0.1230 -0.1453 -0.9817
vn -0.4460 -0.8019 -0.3977
vn 0.8112 0.5546 0.1855
vn 0.8906 0.4535 0.0337
vn 0.0819 -0.6392 -0.7647
vn 0.1266 -0.3552 -0.9262
vn 0.5040 -0.0401 -0.8628
vn 0.4127 -0.1856 -0.8918
vn -0.1531 0.4668 0.8710
vn 0.0807 0.4520 0.8883
vn -0.7899 -0.2149 -0.5744
vn -0.9808 0.1651 0.1042
vn 0.2688 0.3112 -0.9115
vn 0.2664 0.4918 -0.8290
vn -0.6249 -0.5130 0.5885
vn -0.2016 -0.3131 0.9281
vn -0.3730 -0.2524 0.8928
vn -0.1640 -0.5951 0.7867
vn -0.1116 0.6331 -0.7659
vn -0.0120 0.7234 -0.6903
vn 0.9300 -0.1949 0.3116
vn 0.9788 -0.1886 0.0802
vn -0.2089 -0.4774 0.8535
vn -0.0161 0.5486 0.8359
vn -0.0238 0.4538 0.8908
vn 0.4590 -0.8861 -0.0635
vn 0.4511 -0.8925 0.0048
vn 0.4017 -0.8950 -0.1939
vn -0.5945 0.7796 0.1968
vn 0.0892 -0.9959 0.0182
vn 0.0778 -0.9964 0.0324
vn -0.5710 0.4102 -0.7111
vn -0.4124 0.6213 -0.6662
vn 0.4130 -0.1704 0.8946
vn 0.3470 0.4350 0.8309
vn 0.2117 0.4166 0.8841
vn 0.2663 0.4790 0.8365
vn -0.3308 0.4150 0.8475
vn 0.2435 -0.6138 -0.7510
vn -0.5790 -0.8122 0.0715
vn -0.7630 0.3152 -0.5643
vn -0.7901 0.1227 -0.6006
vn 0.9567 -0.1929 0.2179
vn 0.7500 0.4820 -0.4529
vn 0.3795 0.6613 -0.6470
vn 0.4369 0.5526 -0.7098
vn 0.3624 0.4533 0.8144
vn 0.0563 -0.9973 -0.0465
vn 0.0889 -0.9953 -0.0383
vn -0.6247 -0.5043 0.5962
vn -0.0580 0.4113 -0.9096
vn 0.9658 -0.2589 0.0118
vn 0.8294 0.5026 0.2440
vn 0.8432 0.5374 0.0152
vn 0.1309 -0.3118 0.9411
vn 0.6334 -0.1884 -0.7506
vn -0.0669 0.4729 0.8786
vn -0.0813 0.3960 0.9146
vn 0.7975 -0.1286 -0.5895
vn 0.4664 -0.7702 0.4350
vn -0.4355 0.5513 0.7116
vn 0.9340 -0.3090 -0.1792
vn 0.9622 -0.2279 -0.1492
vn 0.6555 -0.7486 -0.1002
vn 0.7036 -0.1886 -0.6851
vn -0.6280 -0.1877 -0.7552
vn -0.4044 0.4650 -0.7876
vn 0.8901 0.4354 -0.1346
vn -0.5123 0.5025 -0.6965
vn -0.6191 -0.6269 0.4729
vn -0.8926 -0.3862 0.2325
vn -0.6978 -0.6448 0.3119
vn -0.2897 0.3776 0.8795
vn 0.5352 -0.1585 0.8297
vn 0.8815 0.4562 -0.1221
vn 0.5178 -0.7958 0.3139
vn 0.4206 -0.3949 -0.8168
vn 0.3831 -0.4740 -0.7928
vn 0.3911 -0.2140 -0.8951
vn -0.6106 -0.7914 0.0286
vn -0.7484 -0.6591 -0.0745
vn -0.7407 -0.6678 -0.0740
vn -0.7240 -0.6517 -0.2262
vn -0.7221 -0.6517 -0.2320
vn -0.1476 -0.8930 -0.4253
vn 0.2546 0.9616 0.1023
vn 0.3212 0.9470 0.0034
vn 0.3330 0.9347 -0.1243
vn -0.7199 0.4758 0.5053
vn -0.0496 -0.7725 -0.6331
vn 0.9910 -0.0986 -0.0902
vn 0.1789 0.7128 0.6781
vn 0.4005 -0.3373 0.8520
vn 0.3685 -0.5345 0.7606
vn 0.4322 -0.1920 0.8811
vn 0.8513 -0.5248 -0.0000
vn 0.8316 -0.5268 -0.1760
vn 0.5879 -0.8060 -0.0685
vn 0.3466 -0.5575 0.7544
vn 0.1168 0.9075 0.4034
vn -0.6511 -0.6346 -0.4163
vn -0.0652 -0.9943 0.0843
vn -0.0784 -0.9951 0.0606
vn -0.9673 0.2532 0.0150
vn -0.2873 0.3856 -0.8768
vn 0.7734 -0.5286 0.3498
vn -0.6019 -0.7980 0.0302
vn 0.3935 -0.9193 -0.0107
vn 0.5758 -0.8172 0.0243
vn -0.1860 -0.5592 0.8079
vn -0.9585 0.2557 -0.1262
vn -0.9073 0.3580 -0.2206
vn 0.5804 -0.4088 -0.7043
vn 0.4192 0.8546 -0.3065
vn -0.4216 0.8453 0.3283
vn -0.7082 -0.1781 -0.6832
vn 0.1257 -0.6541 -0.7459
vn 0.6254 -0.1862 0.7577
vn 0.0612 0.1114 0.9919
vn -0.9633 -0.2019 -0.1770
vn -0.6293 -0.1822 0.7555
vn 0.3595 -0.3799 0.8523
vn 0.4934 -0.4295 0.7564
vn 0.1711 0.9065 -0.3860
vn 0.0183 0.9132 -0.4070
vn -0.0033 0.9788 0.2047
vn 0.2348 -0.9516 0.1981
vn 0.4368 -0.1869 -0.8799
vn 0.8531 -0.2689 -0.4470
vn -0.0826 -0.9966 -0.0068
vn -0.5633 -0.4242 -0.7090
vn 0.1011 -0.6141 -0.7828
vn -0.1142 -0.5057 -0.8551
vn -0.4693 -0.8029 -0.3677
vn -0.6510 -0.6479 -0.3956
vn 0.8703 -0.0712 0.4873
vn 0.7239 -0.1635 -0.6702
vn 0.6234 -0.2508 -0.7406
vn 0.7648 -0.6239 -0.1609
vn 0.5521 -0.0816 -0.8298
vn -0.4155 -0.8543 -0.3123
vn 0.6115 0.7828 -0.1154
vn 0.9196 0.2848 0.2707
vn -0.8662 0.0056 -0.4996
vn -0.9541 -0.0031 -0.2995
vn 0.3595 -0.3799 -0.8523
vn 0.0670 -0.6021 0.7956
vn 0.6232 -0.2517 0.7404
vn 0.5394 -0.1555 -0.8276
# 692 vertex normals

vt 0.4473 0.4994 0.8578
vt 0.3278 0.9567 0.9641
vt 0.5718 0.7515 0.9553
vt 1.1960 1.1534 1.2460
vt 0.9431 1.2359 1.2167
vt 1.0163 1.1254 1.1958
vt -0.7645 0.9172 0.8005
vt -0.6751 0.4927 0.6545
vt -0.8700 0.5231 0.6470
vt 1.1972 0.9580 1.1555
vt 1.2637 0.4909 1.0618
vt 1.0787 0.5313 1.0216
vt -0.0245 0.9394 0.8971
vt 0.0967 0.4767 0.7747
vt -0.1055 0.5068 0.7448
vt -0.6254 0.6712 0.7362
vt -0.6794 0.6677 0.7293
vt -0.6760 0.5338 0.6743
vt -1.1056 0.9155 0.7807
vt -1.0418 0.4896 0.6229
vt -1.2206 0.5311 0.6313
vt -0.6842 0.7938 0.7833
vt -0.8585 0.8408 0.7915
vt -0.8321 0.6204 0.6960
vt 0.2993 -0.0589 0.7010
vt 0.2505 0.0781 0.7090
vt 0.2492 -0.4729 0.7159
vt -0.0944 0.0668 0.6258
vt -0.0467 0.0705 0.6372
vt -0.0501 0.3428 0.7058
vt 1.1716 0.3658 1.0092
vt 1.2604 0.3659 1.0337
vt 1.2152 0.2173 0.9922
vt 0.4460 0.3192 0.8104
vt 0.5829 0.1912 0.8154
vt 0.4968 0.5431 0.8855
vt 1.3910 0.0892 1.0233
vt 1.3005 -0.0019 0.9869
vt 1.3908 0.0027 1.0139
vt -1.3205 0.0133 0.4529
vt -1.2268 0.0100 0.4544
vt -1.2269 0.1026 0.4772
vt 1.6693 1.4896 1.0527
vt 1.9766 1.5512 1.0776
vt 1.0686 1.6071 1.3533
vt -0.1014 0.4598 0.7333
vt -0.2366 0.5361 0.7364
vt -0.1900 0.3116 0.6689
vt -0.5694 -0.3151 0.4880
vt -0.5208 0.2011 0.5774
vt -0.4677 -0.5890 0.5886
vt -0.0464 -0.5945 0.6733
vt -0.1866 -0.5852 0.6447
vt -0.1427 -0.3228 0.5780
vt 0.7694 -0.5890 0.8682
vt 0.6726 -0.5861 0.8441
vt 0.6733 -0.3176 0.7889
vt 0.4906 -0.2098 0.7382
vt 0.3977 -0.3258 0.7133
vt 0.3999 0.1832 0.7671
vt 1.2476 0.7659 1.1354
vt 1.1602 0.8408 1.1363
vt 1.1338 0.6204 1.0638
vt 0.9583 -0.5028 0.9212
vt 0.8717 -0.0191 0.8613
vt 0.8689 -0.5460 0.9123
vt 0.7803 1.1132 1.1399
vt 0.5450 1.0589 1.0722
vt 0.7324 0.9829 1.0839
vt 0.0802 1.0312 0.9784
vt 0.1508 1.1481 1.0353
vt -0.0093 1.1197 0.9996
vt -0.0983 0.1832 0.6514
vt -0.0504 0.1826 0.6615
vt -0.0001 -0.2198 0.6093
vt 0.2506 -0.6002 0.7398
vt 0.3013 -0.3316 0.6870
vt 0.3481 -0.5945 0.7637
vt -0.6567 -0.5028 0.5629
vt -0.5673 -0.5460 0.5994
vt -0.5701 -0.0191 0.5168
vt -0.2800 0.4344 0.6928
vt -0.3347 0.0771 0.5783
vt -0.6228 0.2065 0.5636
vt -0.6717 0.0816 0.5220
vt -0.7407 -0.1686 0.4752
vt -0.7061 -0.3181 0.4897
vt 1.4821 0.0077 1.0414
vt 1.5752 0.1064 1.0796
vt 1.4822 0.0982 1.0512
vt 1.4656 1.2683 1.3444
vt 1.3190 1.2971 1.3193
vt 1.3131 1.1680 1.2779
vt 1.2592 0.2186 1.0049
vt 1.3012 -0.1334 0.9755
vt -1.0872 -0.0149 0.4534
vt -1.1775 -0.0135 0.4485
vt -1.1775 0.2260 0.5179
vt 0.9878 -0.2176 0.8780
vt 0.9600 -0.5860 0.9180
vt 0.9244 0.2065 0.9094
vt 0.9522 -0.5443 0.9340
vt 0.2513 0.2203 0.7392
vt 0.3483 0.0705 0.7322
vt 0.3028 0.3547 0.7859
vt 0.3337 0.8751 0.9636
vt 0.2138 0.9146 0.9560
vt 0.2657 0.7769 0.9145
vt 0.4390 -0.5452 0.8078
vt 0.5327 -0.5415 0.8302
vt 0.4861 -0.5035 0.8020
vt 0.6285 -0.4027 0.8020
vt 0.6752 -0.4557 0.8296
vt 0.6814 0.0551 0.8177
vt -1.3194 0.4063 0.5828
vt -1.2241 0.3891 0.5776
vt -1.2216 0.5177 0.6313
vt -1.0290 1.4245 1.0345
vt -1.2305 1.3855 1.0159
vt -1.0174 1.2971 0.9855
vt 0.9245 0.3950 0.9502
vt 1.0748 0.3798 0.9866
vt 0.9810 0.6677 1.0386
vt 0.8148 0.7814 1.0340
vt 0.7078 0.7343 0.9940
vt 0.7206 0.4873 0.9224
vt -1.1320 0.2246 0.5194
vt -0.7256 0.3651 0.6029
vt -0.5725 0.3603 0.6206
vt -0.0855 1.3110 1.0637
vt -0.1434 1.0398 0.9486
vt 0.0521 1.2450 1.0574
vt -0.5174 0.6549 0.7417
vt -0.5698 0.7943 0.7943
vt -1.1346 0.0052 0.4576
vt -1.1802 -0.0824 0.4405
vt -0.7218 0.0804 0.5147
vt 0.7771 0.9767 1.0621
vt 0.8755 0.4937 0.9601
vt 0.6725 0.5174 0.9157
vt 0.8209 -0.2029 0.8301
vt -1.1990 0.8644 0.7890
vt -1.3098 0.8996 0.8041
vt -1.3140 0.7868 0.7513
vt 1.5548 0.8860 1.2497
vt 1.6052 1.0057 1.2985
vt 1.4838 0.9646 1.2555
vt 0.7563 1.2106 1.1687
vt 0.9377 1.1351 1.1817
vt -0.0186 1.4373 1.1187
vt 0.1508 1.3550 1.1128
vt -0.9576 0.2186 0.5291
vt -0.8682 0.2159 0.5364
vt -0.9123 -0.0231 0.4666
vt -0.9991 0.0830 0.4850
vt -1.0436 -0.0849 0.4490
vt -0.9533 -0.0893 0.4562
vt -0.6486 -0.6061 0.5928
vt -0.4192 -0.6063 0.6310
vt -0.4201 -0.5660 0.6325
vt -0.3197 -0.4597 0.5961
vt -0.3798 0.0551 0.5650
vt -0.3735 -0.4557 0.5855
vt 1.1634 -0.0069 0.9463
vt 1.2552 -0.0038 0.9735
vt 1.2556 0.0818 0.9830
vt 1.0234 0.0804 0.9163
vt 0.9224 0.0822 0.8881
vt 1.0077 -0.3198 0.8968
vt -0.3248 -0.3174 0.5377
vt -0.3709 -0.5861 0.6073
vt -0.3731 0.1928 0.6001
vt -0.4371 0.9191 0.8333
vt -0.2827 0.4718 0.7028
vt -0.4742 0.5192 0.6892
vt -0.1400 -0.6158 0.6765
vt 0.3920 -0.5090 0.7789
vt 0.2483 -0.5175 0.7442
vt 0.3444 -0.5515 0.7852
vt -0.9549 0.7315 0.7195
vt -0.9111 1.4659 0.9958
vt -0.7117 1.4601 1.0057
vt 0.3562 1.5873 1.1683
vt 0.8289 1.6080 1.2568
vt 1.3457 0.3421 1.0529
vt 1.2176 0.4651 1.0454
vt 1.2566 0.1324 0.9902
vt 1.4499 0.8357 1.2079
vt 1.3764 0.6756 1.1427
vt 1.4715 0.6207 1.1530
vt 1.4365 0.5289 1.1170
vt 1.3559 0.7486 1.1452
vt 1.6391 0.7523 1.2206
vt 1.4792 0.2260 1.0691
vt 1.5257 0.2273 1.0828
vt 1.5732 -0.1307 1.0567
vt 0.0480 0.3411 0.7250
vt 0.3533 0.3399 0.7931
vt 0.4479 0.3392 0.8155
vt -1.0440 0.3421 0.5672
vt -1.1298 0.4840 0.6200
vt -1.0889 0.1407 0.4947
vt -0.9535 -0.0038 0.4694
vt -0.9083 0.0818 0.4930
vt -0.1880 0.0624 0.6048
vt -0.2815 0.0683 0.5868
vt -0.2311 -0.5621 0.6688
vt -0.0923 -0.6090 0.6945
vt -0.0907 -0.5691 0.6965
vt 1.4793 -0.1303 1.0286
vt -1.3677 -0.0817 0.4359
vt -1.2733 -0.0819 0.4371
vt 0.9502 -0.6061 0.9369
vt 0.7703 -0.5673 0.8928
vt 0.7695 -0.6077 0.8913
vt 0.5334 -0.6118 0.8279
vt 0.5331 -0.6019 0.8348
vt 0.4408 -0.6058 0.8127
vt 0.0023 -0.0589 0.6274
vt 0.1008 0.0807 0.6732
vt 0.0008 0.2135 0.6804
vt 0.3062 0.4944 0.8275
vt 0.2055 0.6572 0.8601
vt 0.2020 0.3719 0.7679
vt 1.1230 -0.1748 0.9216
vt 1.3008 -0.1533 0.9755
vt 1.2552 -0.1235 0.9652
vt 1.0138 -0.4957 0.9171
vt 0.9903 -0.5765 0.9265
vt 1.0128 -0.3902 0.8926
vt -1.3202 0.1685 0.4951
vt 1.4793 0.3767 1.0975
vt 1.6211 0.4063 1.1436
vt 1.6200 0.5394 1.1730
vt -0.3422 1.0382 0.9231
vt -0.4951 1.0098 0.8949
vt -0.3928 0.8449 0.8358
vt -0.1618 0.6686 0.7981
vt -0.0187 0.7564 0.8550
vt -0.0861 0.8432 0.8779
vt -0.3722 1.1733 0.9760
vt -0.6415 1.2359 0.9791
vt -0.5563 1.1312 0.9415
vt -0.8200 1.1952 0.9511
vt -0.6361 1.1351 0.9371
vt -0.2315 -0.6019 0.6672
vt -0.2318 -0.6118 0.6584
vt -0.3248 -0.5630 0.6505
vt -1.0415 0.5588 0.6562
vt -0.9213 0.5755 0.6704
vt -1.0040 0.7899 0.7610
vt -1.1822 0.9646 0.8358
vt -1.1583 1.0579 0.8789
vt -1.2944 1.1064 0.8993
vt 0.3416 1.2190 1.0934
vt 0.2327 1.1410 1.0458
vt 0.3823 1.0854 1.0509
vt 0.3537 0.9846 1.0080
vt 0.0522 -0.4313 0.6547
vt 0.1508 -0.4750 0.6920
vt 0.1508 0.0818 0.6853
vt -0.0428 -0.5122 0.6791
vt 0.0534 -0.5175 0.6998
vt 0.0531 -0.4815 0.6816
vt 0.1013 -0.6195 0.7344
vt -0.0458 -0.6224 0.6953
vt 0.2496 -0.6179 0.7675
vt 0.2992 -0.6255 0.7713
vt -0.9991 -0.1533 0.4408
vt -0.8214 -0.1748 0.4573
vt -0.9081 -0.1270 0.4561
vt -0.7370 -0.2998 0.4696
vt -0.7333 -0.2619 0.4768
vt -0.7547 -0.2046 0.4715
vt -0.7122 -0.4957 0.5223
vt -0.7112 -0.3902 0.4785
vt -0.6886 -0.5765 0.5527
vt -0.5177 -0.5678 0.6153
vt -0.6486 -0.5657 0.5949
vt 0.8214 0.5210 0.9566
vt 0.9256 0.5361 0.9870
vt 0.7734 0.0687 0.8448
vt 0.7708 -0.5059 0.8723
vt -1.1317 0.3713 0.5728
vt -1.2236 0.3750 0.5708
vt -1.3677 0.2290 0.5151
vt -1.2714 0.2282 0.5158
vt -1.2714 -0.0130 0.4452
vt -0.9587 0.3659 0.5812
vt -0.8699 0.3658 0.5884
vt 1.0423 -0.1686 0.9016
vt 1.2094 -0.0923 0.9534
vt 1.0881 -0.1994 0.9107
vt 1.1207 -0.1416 0.9245
vt 0.8230 0.3576 0.9142
vt 0.9767 0.3641 0.9561
vt 1.1231 0.2145 0.9659
vt 1.0257 0.2110 0.9381
vt 1.0768 0.3656 0.9833
vt 0.9502 -0.5657 0.9383
vt 0.9989 -0.5127 0.9316
vt 1.0000 -0.5534 0.9300
vt -0.0602 0.6077 0.7925
vt 0.1508 0.5205 0.8028
vt 0.0983 0.5171 0.7910
vt 0.1508 0.3746 0.7574
vt -0.1389 -0.4613 0.6274
vt -0.0919 -0.4644 0.6374
vt -0.1859 -0.4173 0.6021
vt -1.1784 -0.1505 0.4282
vt -0.9986 -0.1208 0.4482
vt 0.2024 0.3415 0.7588
vt 0.2022 0.2568 0.7366
vt 0.1508 -0.2233 0.6463
vt 0.1008 -0.6019 0.7050
vt 0.0488 0.1821 0.6832
vt -1.2812 1.2028 0.9416
vt 1.5829 1.2028 1.3527
vt 1.5255 1.0879 1.3039
vt 1.6693 1.1125 0.9019
vt 0.4030 0.4598 0.8389
vt 0.4627 0.9006 0.9984
vt 0.6212 0.9009 1.0314
vt -1.3198 -0.1515 0.4233
vt -1.2242 -0.1305 0.4259
vt -1.1320 -0.1303 0.4307
vt -0.5717 0.5315 0.6855
vt -0.4213 0.3543 0.6420
vt -0.5182 -0.5062 0.5850
vt -0.5210 0.0744 0.5439
vt 0.1020 -0.5583 0.7300
vt 0.1996 -0.5583 0.7517
vt 0.1508 -0.5195 0.7215
vt 0.1998 -0.4830 0.7156
vt 1.2130 -0.1396 0.9488
vt 1.5737 -0.1512 1.0569
vt 0.5719 1.4642 1.2186
vt 0.4576 1.3942 1.1756
vt 0.5565 1.3320 1.1718
vt 0.6240 1.5934 1.2670
vt 2.3470 1.5184 1.0833
vt -0.2085 0.7304 0.8004
vt -0.5091 1.4681 1.0243
vt -0.2243 1.5040 1.0641
vt 0.4431 0.0639 0.7555
vt 0.4871 -0.4588 0.7764
vt 0.5358 -0.0567 0.7642
vt 0.3461 -0.4676 0.7403
vt 0.5805 -0.3176 0.7636
vt 0.6279 0.1903 0.8269
vt 0.6255 -0.5846 0.8325
vt 1.2159 1.0231 1.2083
vt 1.3627 0.7645 1.1645
vt -0.4706 0.1983 0.5847
vt -0.4197 -0.3177 0.5172
vt -0.5803 0.7432 0.7549
vt -0.8156 0.0828 0.5034
vt -0.8618 -0.0069 0.4782
vt -0.7693 0.0815 0.5087
vt 0.4882 -0.5852 0.7986
vt 0.5357 -0.2079 0.7507
vt 0.5337 -0.5837 0.8100
vt 0.3949 -0.6190 0.7944
vt 1.2114 0.1338 0.9775
vt 1.1270 0.4978 1.0292
vt 0.6363 0.0771 0.8088
vt 0.5798 0.5451 0.9053
vt 0.5832 0.0683 0.7931
vt 0.9858 0.7938 1.0786
vt 0.6945 0.8449 1.0279
vt 0.8689 0.9137 1.0906
vt 0.8646 1.0255 1.1278
vt -0.0996 0.3394 0.6943
vt -0.2809 0.3423 0.6612
vt -0.1916 0.3394 0.6767
vt -0.2355 0.1864 0.6242
vt -0.1375 -0.5060 0.6595
vt -0.1848 -0.4675 0.6307
vt -0.1843 -0.5428 0.6709
vt -0.2779 -0.5420 0.6523
vt 0.9785 -0.5935 0.9389
vt 0.9784 -0.5531 0.9405
vt 0.9172 -0.5876 0.9066
vt -0.6984 -0.5534 0.5529
vt -0.6973 -0.5127 0.5563
vt -0.7099 -0.4607 0.5288
vt 0.0515 -0.6281 0.7154
vt 0.1508 -0.6303 0.7371
vt 0.4466 0.1839 0.7789
vt 0.5821 0.1882 0.8145
vt 0.5826 0.3423 0.8494
vt 0.6738 -0.5645 0.8694
vt 0.7224 -0.5057 0.8601
vt -1.2261 0.1594 0.4942
vt -1.0439 0.0003 0.4626
vt -1.0442 0.0856 0.4822
vt 1.7178 0.3773 0.5699
vt 1.5727 0.3764 1.1232
vt 1.6243 0.5015 1.1630
vt -0.8820 0.9366 0.8335
vt -0.7886 1.1025 0.9128
vt -1.0078 1.0385 0.8742
vt -1.1019 0.8016 0.7625
vt -0.2043 0.8487 0.8625
vt -0.2993 0.7665 0.8158
vt -0.4062 0.7343 0.7882
vt -0.3711 0.4672 0.6895
vt -1.3677 -0.1310 0.4229
vt -0.2777 -0.5836 0.6262
vt 1.6156 0.7868 1.2365
vt 1.7230 0.7868 0.7513
vt 1.6693 0.9042 0.8061
vt 1.6693 0.5427 0.6403
vt -1.2731 -0.1187 0.4321
vt -1.3677 -0.1191 0.4308
vt 1.3905 -0.0837 1.0075
vt 1.3002 -0.0868 0.9807
vt 1.3902 -0.1182 1.0055
vt 1.0881 -0.1773 0.9099
vt 1.1243 -0.1540 0.9216
vt 0.2992 0.5122 0.8279
vt -0.0908 -0.4731 0.6503
vt 0.3520 0.1826 0.7550
vt 0.2528 0.1821 0.7307
vt 0.2536 0.3411 0.7703
vt 1.0496 -0.2302 0.8969
vt 1.0603 -0.2405 0.9023
vt 1.0386 -0.2998 0.8973
vt 0.5769 -0.4519 0.7997
vt 0.2485 -0.4815 0.7273
vt 0.3449 -0.4762 0.7510
vt -0.6631 1.4268 1.0525
vt -0.2703 1.4642 1.0989
vt -0.6899 1.5184 1.0833
vt 1.3013 0.1329 1.0032
vt 1.3906 0.1407 1.0301
vt 1.3008 0.0830 0.9963
vt 0.9786 0.7714 1.0549
vt 0.3117 0.6290 0.8722
vt 0.3204 0.7564 0.9180
vt 0.4368 0.8056 0.9592
vt -1.1162 0.7042 0.7174
vt -1.3167 0.6667 0.6958
vt -1.2172 0.6406 0.6856
vt -1.2101 0.7564 0.7386
vt -0.6804 -0.3225 0.4707
vt -0.6737 0.2088 0.5572
vt -0.7240 0.2110 0.5513
vt -0.7865 -0.1773 0.4590
vt 1.3459 0.3678 1.0578
vt 1.4787 0.3732 1.0960
vt 1.4336 0.2246 1.0557
vt 0.5795 -0.5420 0.8413
vt 0.5321 -0.4668 0.7980
vt 0.5327 -0.5621 0.8359
vt 0.1508 0.6612 0.8508
vt 0.0423 0.6460 0.8248
vt 0.1508 0.9198 0.9469
vt 0.0264 0.8993 0.9179
vt 0.0929 0.7900 0.8871
vt -0.4677 -0.6177 0.6129
vt -0.6509 -0.6159 0.5829
vt -0.6155 -0.5876 0.5632
vt -0.9571 0.3400 0.5724
vt -0.9996 0.1329 0.4987
vt -0.9097 0.1338 0.5070
vt -0.9160 0.4651 0.6247
vt -0.7832 -0.1652 0.4682
vt -0.1884 -0.3203 0.5679
vt -0.1449 0.1839 0.6419
vt -0.1905 0.1850 0.6328
vt 0.3448 -0.5723 0.7914
vt 0.2485 -0.5777 0.7691
vt -0.2433 1.0589 0.9434
vt -0.2475 1.1965 0.9990
vt 1.4012 1.0174 1.2515
vt 1.3072 0.9099 1.1946
vt 1.5751 0.0119 1.0694
vt 1.5750 -0.0819 1.0625
vt 1.4819 -0.0824 1.0347
vt 1.5747 -0.1187 1.0604
vt 0.6255 -0.6129 0.8500
vt 1.3042 0.6381 1.1133
vt 1.3431 0.5588 1.1026
vt -0.6294 0.9178 0.8427
vt -0.6910 0.9117 0.8348
vt -0.7007 1.0218 0.8830
vt -0.9584 0.4884 0.6276
vt -0.9558 -0.1361 0.4441
vt -1.0875 0.2230 0.5213
vt -1.0439 0.2215 0.5235
vt 0.1015 -0.4744 0.6804
vt -0.0444 -0.4676 0.6476
vt 1.7557 1.2028 0.9416
vt -1.3677 1.4896 1.0527
vt -1.3084 0.7498 0.7134
vt -1.3458 1.5253 1.0029
vt -1.0471 1.4793 0.9942
vt -1.0801 1.2248 0.9538
vt 0.4782 1.2605 1.1325
vt 0.3940 -0.4229 0.7398
vt 0.3961 0.0668 0.7438
vt -0.3726 -0.5442 0.6339
vt -0.4205 -0.5451 0.6250
vt -0.4714 -0.0265 0.5329
vt -0.4690 -0.5460 0.6162
vt 0.7230 0.3512 0.8869
vt 0.4925 0.4718 0.8609
vt 0.5807 0.4744 0.8826
vt -0.7586 -0.2405 0.4640
vt -0.3788 0.1137 0.5783
vt -0.5211 0.1348 0.5588
vt 1.4815 0.1532 1.0584
vt 0.9926 0.9117 1.1186
vt 0.9339 1.0295 1.1448
vt 0.4395 -0.4700 0.7748
vt 1.0213 -0.3276 0.9002
vt 1.0115 -0.4548 0.9188
vt 0.2757 1.3437 1.1279
vt 0.1508 1.5482 1.1789
vt 1.3306 1.4245 1.3591
vt 0.7205 1.3023 1.1929
vt 0.9513 1.3328 1.2501
vt 0.9648 1.4268 1.2821
vt 0.7722 0.1983 0.8667
vt 0.6748 0.1928 0.8397
vt -0.7203 0.1454 0.5321
vt -0.6210 0.1449 0.5459
vt -0.6240 0.5361 0.6811
vt 0.5405 0.7924 0.9766
vt 1.3893 -0.1507 1.0019
vt 1.3888 -0.1307 1.0017
vt -0.3262 0.1903 0.6079
vt -0.3732 0.3479 0.6470
vt -0.4708 0.3545 0.6335
vt -0.4213 0.1955 0.5923
vt -0.5743 0.4902 0.6657
vt -1.1798 -0.1181 0.4358
vt -1.0886 -0.1182 0.4414
vt -1.0889 -0.0837 0.4458
vt 0.0047 -0.5753 0.7159
vt -0.2548 1.3320 1.0517
vt -0.5304 1.3283 1.0244
vt 0.8225 0.2011 0.8807
vt 1.3478 0.4916 1.0848
vt -1.3192 0.3773 0.5699
vt 1.5746 0.1647 1.0873
vt 1.7167 0.1685 0.4951
vt 1.6693 0.1102 0.4771
vt 0.8189 -0.6184 0.8972
vt -0.6506 -0.5443 0.5871
vt -0.7031 -0.4396 0.5256
vt -0.6866 -0.5044 0.5586
vt 0.8228 0.1348 0.8687
vt 0.9725 0.1462 0.9120
vt 1.3891 0.2230 1.0427
vt 0.2008 0.0807 0.6972
vt -0.8212 0.3691 0.5952
vt -0.8169 0.1397 0.5186
vt -1.0432 -0.1317 0.4370
vt 0.7706 -0.5460 0.8876
vt 0.6743 -0.5442 0.8641
vt -0.5673 0.9137 0.8464
vt -0.6323 1.0295 0.8916
vt -0.0013 0.1823 0.6721
vt 0.0996 0.1819 0.6947
vt -0.7751 0.3656 0.5976
vt 1.6693 0.2290 0.5151
vt 0.9288 0.7986 1.0665
vt 0.9271 0.6712 1.0263
vt 0.2173 0.9037 0.9272
vt -0.0661 1.5323 1.0916
vt 0.1233 1.5597 1.1252
vt 0.2898 1.0133 1.0071
vt 1.6693 -0.1191 0.4308
vt 1.4815 -0.1181 1.0326
vt -0.2304 -0.4668 0.6211
vt -0.2752 -0.4519 0.5991
vt 0.9883 -0.5044 0.9292
vt 1.1638 0.0825 0.9566
vt 1.0709 0.0815 0.9299
vt 1.1185 0.1397 0.9519
vt 0.6805 0.1137 0.8266
vt 0.7205 -0.6163 0.8729
vt 1.7286 0.7498 0.7134
vt 1.6912 1.5253 1.0029
vt 1.7199 0.5011 0.6181
vt -0.1444 0.3192 0.6800
vt -0.1409 -0.0597 0.5947
vt 0.0511 -0.6002 0.6940
vt -1.1348 0.0936 0.4787
vt -0.9303 0.8925 0.8111
vt -0.9460 0.7659 0.7529
vt 1.2230 0.5755 1.0749
vt -1.0442 0.3678 0.5761
vt -0.5706 0.0794 0.5369
vt -0.7196 -0.3208 0.4860
vt 1.5679 0.6564 1.1882
vt 1.6693 0.6704 0.6974
vt -0.7480 -0.2302 0.4610
vt 0.5371 0.1864 0.8025
vt 0.8727 0.1409 0.8835
vt 0.8722 0.0794 0.8737
vt 0.4423 -0.5878 0.7872
vt -0.1953 0.4697 0.7171
vt 0.6010 0.7665 0.9808
vt 1.0563 -0.2046 0.9048
vt 0.4921 0.1850 0.7907
vt 1.3025 0.2200 1.0174
vt -0.3136 0.6712 0.7757
vt -1.3184 0.5394 0.6391
vt -0.2741 0.6428 0.7706
vt 0.4393 -0.5661 0.8137
vt 0.7260 0.0622 0.8309
vt -0.2805 0.1882 0.6160
vt -1.3677 1.1125 0.9019
vt -1.3677 0.9042 0.8061
vt -1.3205 0.1091 0.4771
vt -0.6769 -0.5935 0.5801
vt -0.8618 -0.0958 0.4648
vt 0.1019 -0.5793 0.7364
vt 0.0051 -0.5544 0.7093
vt 1.2909 1.5830 1.3444
vt 1.5321 1.3855 1.3934
vt 1.6693 1.3050 0.9838
vt 1.7754 1.2957 0.9804
vt 0.4406 -0.4613 0.7645
vt 0.9776 0.4962 0.9870
vt 0.2019 0.0826 0.6975
vt 1.0679 1.0029 1.1666
vt 1.0848 -0.1652 0.9134
vt 0.1990 0.4771 0.7962
vt -0.3709 -0.6145 0.6310
vt 1.0660 1.3163 1.2692
vt 0.1508 0.2271 0.7174
vt -0.4244 0.0622 0.5582
vt -0.6768 -0.5531 0.5827
vt -0.8226 -0.1540 0.4563
vt 0.1004 0.2251 0.7054
vt 0.0489 0.3649 0.7328
vt -1.1254 1.1447 0.9183
vt -1.2616 1.2957 0.9804
vt 0.4223 1.1777 1.0923
vt 1.3456 0.2215 1.0300
vt 1.6693 -0.0817 0.4359
vt 1.7165 0.0133 0.4529
vt 0.9525 -0.6159 0.9315
vt -0.2321 -0.5837 0.6355
vt 0.9234 -0.0196 0.8759
vt 1.6693 -0.1310 0.4229
vt 1.5730 0.2282 1.0967
vt 1.7172 -0.1515 0.4233
vt -1.0008 0.2200 0.5261
vt -0.8647 1.2810 0.9847
vt -0.6496 1.3328 1.0176
vt 0.9916 1.5184 1.3142
vt -1.3677 0.5427 0.6403
vt 1.0243 -0.3672 0.8979
vt 1.8065 1.3855 1.0159
vt -0.0902 -0.5483 0.6897
vt -0.0961 -0.3258 0.5884
vt -1.3170 0.5011 0.6181
vt -1.3677 1.3050 0.9838
vt -1.3035 1.0057 0.8535
vt -1.0603 1.5512 1.0776
vt -1.3677 0.6704 0.6974
vt -1.3677 0.1102 0.4771
# 667 texture coords

g helmet
usemtl 03___Default
s 1
f 595/1026/1038 596/1027/1039 597/1028/1040 
s 2
f 598/1029/1041 599/1030/1042 600/1031/1043 
s 1
f 601/1032/1044 602/1033/1045 603/1034/1046 
f 604/1035/1047 605/1036/1048 606/1037/1049 
f 607/1038/1050 608/1039/1051 609/1040/1052 
s 2
f 610/1041/1053 611/1042/1054 612/1043/1055 
s 1
f 613/1044/1056 614/1045/1057 615/1046/1058 
s 2
f 616/1047/1059 617/1048/1060 618/1049/1061 
f 619/1050/1062 620/1051/1063 621/1052/1064 
f 622/1053/1065 623/1054/1066 624/1055/1067 
s 1
f 625/1056/1068 626/1057/1069 627/1058/1070 
s 2
f 628/1059/1071 629/1060/1072 630/1061/1073 
f 631/1062/1074 632/1063/1075 633/1064/1076 
f 634/1065/1077 635/1066/1078 636/1067/1079 
f 637/1068/1080 638/1069/1081 639/1070/1082 
f 640/1071/1083 641/1072/1084 642/1073/1085 
s 1
f 643/1074/1086 644/1075/1087 645/1076/1088 
f 646/1077/1089 647/1078/1090 648/1079/1091 
f 649/1080/1092 650/1081/1093 651/1082/1094 
f 652/1083/1095 653/1084/1096 654/1085/1097 
s 2
f 655/1086/1098 656/1087/1099 657/1088/1100 
f 658/1089/1101 659/1090/1102 660/1091/1103 
f 661/1092/1104 662/1093/1105 663/1094/1106 
f 664/1095/1107 665/1096/1108 666/1097/1109 
s 1
f 667/1098/1110 668/1099/1111 669/1100/1112 
f 670/1101/1113 671/1102/1114 672/1103/1115 
s 2
f 673/1104/1116 674/1105/1117 675/1106/1118 
f 642/1073/1085 676/1107/1119 677/1108/1120 
s 1
f 678/1109/1121 644/1075/1087 643/1074/1086 
s 2
f 679/1110/1122 680/1111/1123 681/1112/1124 
f 682/1113/1125 683/1114/1126 684/1115/1127 
f 685/1116/1128 686/1117/1129 687/1118/1130 
s 1
f 627/1058/1070 688/1119/1131 689/1120/1132 
f 690/1121/1133 691/1122/1134 692/1123/1135 
f 693/1124/1136 694/1125/1137 695/1126/1138 
s 2
f 660/1091/1103 696/1127/1139 658/1089/1101 
f 697/1128/1140 698/1129/1141 699/1130/1142 
f 700/1131/1143 701/1132/1144 702/1133/1145 
f 703/1134/1146 704/1135/1147 705/1136/1148 
f 706/1137/1149 707/1138/1150 708/1139/1151 
f 709/1140/1152 710/1141/1153 711/1142/1154 
f 712/1143/1155 713/1144/1156 714/1145/1157 
f 715/1146/1158 716/1147/1159 717/1148/1160 
f 718/1149/1161 719/1150/1162 720/1151/1163 
s 1
f 692/1123/1135 721/1152/1164 690/1121/1133 
f 722/1153/1165 723/1154/1166 678/1109/1121 
s 2
f 724/1155/1167 725/1156/1168 726/1157/1169 
f 610/1041/1053 727/1158/1170 728/1159/1171 
f 729/1160/1172 635/1066/1078 730/1161/1173 
f 731/1162/1174 680/1111/1123 679/1110/1122 
s 1
f 732/1163/1175 733/1164/1176 734/1165/1177 
f 651/1082/1094 735/1166/1178 649/1080/1092 
s 2
f 736/1167/1179 737/1168/1180 738/1169/1181 
f 739/1170/1182 740/1171/1183 741/1172/1184 
f 599/1030/1042 742/1173/1185 743/1174/1186 
f 744/1175/1187 724/1155/1167 745/1176/1188 
s 1
f 746/1177/1189 747/1178/1190 748/1179/1191 
s 2
f 749/1180/1192 750/1181/1193 751/1182/1194 
s 1
f 752/1183/1195 753/1184/1196 754/1185/1197 
s 2
f 755/1186/1198 756/1187/1199 757/1188/1200 
f 758/1189/1201 759/1190/1202 760/1191/1203 
f 761/1192/1204 762/1193/1205 763/1194/1206 
s 1
f 764/1195/1207 765/1196/1208 766/1197/1209 
f 767/1198/1210 768/1199/1211 769/1200/1212 
f 647/1078/1090 646/1077/1089 770/1201/1213 
s 2
f 771/1202/1214 772/1203/1215 773/1204/1216 
s 1
f 774/1205/1217 775/1206/1218 776/1207/1219 
f 597/1028/1040 777/1208/1220 778/1209/1221 
s 2
f 779/1210/1222 780/1211/1223 781/1212/1224 
f 782/1213/1225 783/1214/1226 784/1215/1227 
s 1
f 785/1216/1228 786/1217/1229 787/1218/1230 
f 788/1219/1231 789/1220/1232 790/1221/1233 
f 609/1040/1052 608/1039/1051 791/1222/1234 
f 792/1223/1235 793/1224/1236 654/1085/1097 
s 2
f 794/1225/1237 795/1226/1238 796/1227/1239 
f 797/1228/1240 798/1229/1241 749/1180/1192 
f 799/1230/1242 800/1231/1243 755/1186/1198 
s 1
f 801/1232/1244 802/1233/1245 803/1234/1246 
f 790/1221/1233 804/1235/1247 788/1219/1231 
s 2
f 805/1236/1248 806/1237/1249 634/1065/1077 
s 1
f 807/1238/1250 808/1239/1251 809/1240/1252 
f 810/1241/1253 811/1242/1254 812/1243/1255 
s 2
f 813/1244/1256 814/1245/1257 815/1246/1258 
f 816/1247/1259 817/1248/1260 818/1249/1261 
s 1
f 819/1250/1262 820/1251/1263 821/1252/1264 
f 822/1253/1265 823/1254/1266 824/1255/1267 
s 2
f 710/1141/1153 709/1140/1152 825/1256/1268 
f 826/1257/1269 827/1258/1270 828/1259/1271 
f 829/1260/1272 830/1261/1273 831/1262/1274 
f 832/1263/1275 833/1264/1276 834/1265/1277 
f 835/1266/1278 836/1267/1279 837/1268/1280 
f 836/1267/1279 838/1269/1281 839/1270/1282 
s 1
f 802/1233/1245 840/1271/1283 841/1272/1284 
f 754/1185/1197 753/1184/1196 842/1273/1285 
s 2
f 843/1274/1286 844/1275/1287 845/1276/1288 
f 846/1277/1289 847/1278/1290 848/1279/1291 
f 849/1280/1292 850/1281/1293 851/1282/1294 
f 852/1283/1295 851/1282/1294 850/1281/1293 
f 853/1284/1296 854/1285/1297 855/1286/1298 
f 856/1287/1299 857/1288/1300 858/1289/1301 
s 1
f 859/1290/1302 802/1233/1245 860/1291/1303 
f 812/1243/1255 861/1292/1304 862/1293/1305 
f 863/1294/1306 864/1295/1307 865/1296/1308 
f 866/1297/1309 867/1298/1310 868/1299/1311 
f 869/1300/1312 870/1301/1313 871/1302/1314 
f 872/1303/1315 873/1304/1316 752/1183/1195 
s 2
f 874/1305/1317 715/1146/1158 875/1306/1318 
f 659/1090/1102 876/1307/1319 877/1308/1320 
s 1
f 878/1309/1321 879/1310/1322 615/1046/1058 
f 880/1311/1323 881/1312/1324 882/1313/1325 
f 603/1034/1046 774/1205/1217 601/1032/1044 
f 883/1314/1326 884/1315/1327 746/1177/1189 
s 2
f 885/1316/1328 886/1317/1329 758/1189/1201 
s 1
f 887/1318/1330 819/1250/1262 888/1319/1331 
f 889/1320/1332 890/1321/1333 695/1126/1138 
f 891/1322/1334 892/1323/1335 893/1324/1336 
f 894/1325/1337 808/1239/1251 807/1238/1250 
f 895/1326/1338 896/1327/1339 822/1253/1265 
s 2
f 833/1264/1276 832/1263/1275 897/1328/1340 
f 898/1329/1341 899/1330/1342 900/1331/1343 
f 901/1332/1344 902/1333/1345 622/1053/1065 
f 755/1186/1198 903/1334/1346 799/1230/1242 
s 1
f 904/1335/1347 863/1294/1306 905/1336/1348 
f 865/1296/1308 905/1336/1348 863/1294/1306 
f 605/1036/1048 604/1035/1047 786/1217/1229 
f 791/1222/1234 906/1337/1349 907/1338/1350 
f 908/1339/1351 909/1340/1352 910/1341/1353 
s 2
f 911/1342/1354 848/1279/1291 847/1278/1290 
f 912/1343/1355 913/1344/1356 914/1345/1357 
f 630/1061/1073 915/1346/1358 628/1059/1071 
f 662/1093/1105 916/1347/1359 917/1348/1360 
s 1
f 904/1335/1347 918/1349/1361 919/1350/1362 
f 904/1335/1347 919/1350/1362 920/1351/1363 
s 2
f 921/1352/1364 922/1353/1365 727/1158/1170 
f 675/1106/1118 923/1354/1366 924/1355/1367 
f 925/1356/1368 926/1357/1369 927/1358/1370 
f 928/1359/1371 858/1289/1301 857/1288/1300 
s 1
f 820/1251/1263 929/1360/1372 689/1120/1132 
f 804/1235/1247 790/1221/1233 930/1361/1373 
s 2
f 931/1362/1374 932/1363/1375 933/1364/1376 
f 934/1365/1377 639/1070/1082 935/1366/1378 
s 1
f 936/1367/1379 937/1368/1380 938/1369/1381 
s 2
f 939/1370/1382 940/1371/1383 941/1372/1384 
f 621/1052/1064 942/1373/1385 698/1129/1141 
s 1
f 943/1374/1386 944/1375/1387 945/1376/1388 
f 734/1165/1177 733/1164/1176 889/1320/1332 
s 2
f 656/1087/1099 655/1086/1098 946/1377/1389 
f 782/1213/1225 741/1172/1184 947/1378/1390 
s 1
f 644/1075/1087 948/1379/1391 949/1380/1392 
f 769/1200/1212 950/1381/1393 767/1198/1210 
s 2
f 618/1049/1061 612/1043/1055 611/1042/1054 
f 951/1382/1394 952/1383/1395 953/1384/1396 
s 1
f 954/1385/1397 955/1386/1398 956/1387/1399 
f 812/1243/1255 957/1388/1400 810/1241/1253 
s 2
f 781/1212/1224 780/1211/1223 958/1389/1401 
f 959/1390/1402 717/1148/1160 716/1147/1159 
f 629/1060/1072 960/1391/1403 961/1392/1404 
f 706/1137/1149 960/1391/1403 962/1393/1405 
f 657/1088/1100 963/1394/1406 717/1148/1160 
f 964/1395/1407 965/1396/1408 966/1397/1409 
s 1
f 668/1099/1111 667/1098/1110 967/1398/1410 
f 968/1399/1411 969/1400/1412 970/1401/1413 
s 2
f 971/1402/1414 972/1403/1415 973/1404/1416 
f 757/1188/1200 974/1405/1417 755/1186/1198 
s 1
f 807/1238/1250 975/1406/1418 976/1407/1419 
f 735/1166/1178 694/1125/1137 977/1408/1420 
s 2
f 681/1112/1124 673/1104/1116 679/1110/1122 
s 1
f 978/1409/1421 979/1410/1422 980/1411/1423 
f 670/1101/1113 909/1340/1352 908/1339/1351 
f 981/1412/1424 982/1413/1425 859/1290/1302 
f 983/1414/1426 654/1085/1097 793/1224/1236 
f 944/1375/1387 984/1415/1427 985/1416/1428 
f 811/1242/1254 809/1240/1252 986/1417/1429 
s 2
f 987/1418/1430 877/1308/1320 876/1307/1319 
f 988/1419/1431 796/1227/1239 795/1226/1238 
f 729/1160/1172 989/1420/1432 990/1421/1433 
s 1
f 991/1422/1434 992/1423/1435 993/1424/1436 
f 785/1216/1228 993/1424/1436 992/1423/1435 
s 2
f 994/1425/1437 995/1426/1438 838/1269/1281 
f 996/1427/1439 997/1428/1440 845/1276/1288 
f 832/1263/1275 998/1429/1441 999/1430/1442 
f 676/1107/1119 1000/1431/1443 1001/1432/1444 
s 1
f 882/1313/1325 1002/1433/1445 880/1311/1323 
f 1002/1433/1445 919/1350/1362 918/1349/1361 
f 841/1272/1284 840/1271/1283 753/1184/1196 
f 765/1196/1208 764/1195/1207 1003/1434/1446 
s 2
f 1004/1435/1447 738/1436/1181 1005/1437/1448 
f 1006/1438/1449 828/1259/1271 827/1258/1270 
s 1
f 1007/1439/1450 1008/1440/1451 918/1349/1361 
s 2
f 1009/1441/1452 1010/1442/1453 1011/1443/1454 
s 1
f 819/1250/1262 887/1318/1330 1012/1444/1455 
f 1013/1445/1456 1012/1444/1455 892/1323/1335 
f 596/1027/1039 595/1026/1038 1014/1446/1457 
f 1014/1446/1457 595/1026/1038 793/1224/1236 
s 2
f 858/1289/1301 1015/1447/1458 856/1287/1299 
f 972/1403/1415 971/1402/1414 1015/1447/1458 
s 1
f 653/1084/1096 671/1102/1114 1016/1448/1459 
f 1016/1448/1459 1017/1449/1460 1018/1450/1461 
s 2
f 763/1194/1206 885/1316/1328 761/1192/1204 
s 1
f 1019/1451/1462 1020/1452/1463 1021/1453/1464 
s 2
f 1022/1454/1465 941/1372/1384 940/1371/1383 
f 1023/1455/1466 1024/1456/1467 942/1373/1385 
f 714/1145/1157 1025/1457/1468 712/1143/1155 
f 1026/1458/1469 935/1459/1378 1025/1457/1468 
f 1027/1460/1470 1028/1461/1471 779/1210/1222 
f 632/1063/1075 631/1062/1074 1029/1462/1472 
s 1
f 606/1037/1049 1030/1463/1473 604/1035/1047 
f 890/1321/1333 889/1320/1332 733/1164/1176 
s 2
f 817/1248/1260 1031/1464/1474 1032/1465/1475 
f 630/1061/1073 1033/1466/1476 915/1346/1358 
f 845/1276/1288 997/1428/1440 1034/1467/1477 
f 1035/1468/1478 1036/1469/1479 1037/1470/1480 
s 1
f 643/1074/1086 1038/1471/1481 1039/1472/1482 
f 747/1178/1190 1040/1473/1483 1041/1474/1484 
f 1042/1475/1485 1043/1476/1486 1044/1477/1487 
f 688/1119/1131 627/1058/1070 626/1057/1069 
s 2
f 1045/1478/1488 1046/1479/1489 704/1135/1147 
f 1047/1480/1490 986/1417/1491 1045/1478/1488 
f 1048/1481/1492 1049/1482/1493 899/1330/1342 
f 1050/1483/1494 1051/1484/1495 1052/1485/1496 
s 1
f 1053/1486/1497 1054/1487/1498 1055/1488/1499 
f 871/1302/1314 978/1409/1421 869/1300/1312 
s 2
f 624/1055/1067 640/1071/1083 622/1053/1065 
f 897/1328/1340 899/1330/1342 1049/1482/1493 
f 1056/1489/1500 843/1274/1286 794/1225/1237 
f 1057/1490/1501 1058/1491/1502 1059/1492/1503 
s 1
f 1060/1493/1504 865/1296/1308 864/1295/1307 
s 2
f 680/1111/1123 953/1384/1396 952/1383/1395 
s 1
f 648/1079/1091 647/1078/1090 1061/1494/1505 
f 1062/1495/1506 1063/1496/1507 969/1400/1412 
s 2
f 926/1357/1369 773/1204/1216 772/1203/1215 
s 1
f 1064/1497/1508 1065/1498/1509 861/1292/1304 
s 2
f 998/1429/1441 1066/1499/1510 999/1430/1442 
f 725/1156/1168 1067/1500/1511 1066/1499/1510 
f 1068/1501/1512 687/1118/1130 1069/1502/1513 
f 1068/1501/1512 685/1116/1128 687/1118/1130 
f 683/1114/1126 682/1113/1125 1070/1503/1514 
f 1071/1504/1515 1072/1505/1516 1073/1506/1517 
s 1
f 945/1376/1388 956/1387/1399 943/1374/1386 
f 810/1241/1253 1074/1507/1518 811/1242/1254 
s 2
f 1075/1508/1519 655/1086/1098 780/1211/1223 
f 1076/1509/1520 784/1215/1227 783/1214/1226 
f 728/1159/1171 1077/1510/1521 610/1041/1053 
f 617/1048/1060 1078/1511/1522 1079/1512/1523 
s 1
f 615/1046/1058 614/1045/1057 878/1309/1321 
f 614/1045/1057 1080/1513/1524 883/1314/1326 
f 748/1179/1191 1081/1514/1525 746/1177/1189 
f 1082/1515/1526 1083/1516/1527 690/1121/1133 
s 2
f 854/1285/1297 1084/1517/1528 858/1289/1301 
f 858/1289/1301 1085/1518/1529 1015/1447/1458 
s 1
f 609/1040/1052 936/1367/1379 607/1038/1050 
f 969/1400/1412 968/1399/1411 768/1199/1211 
s 2
f 914/1345/1357 911/1519/1354 912/1343/1355 
f 713/1144/1156 712/1143/1155 637/1520/1080 
s 1
f 1086/1521/1530 1087/1522/1531 1088/1523/1532 
s 2
f 1089/1524/1533 714/1145/1157 713/1144/1156 
f 838/1269/1281 996/1427/1439 994/1425/1437 
f 1090/1525/1534 933/1364/1376 932/1363/1375 
f 662/1093/1105 661/1092/1104 742/1173/1185 
f 858/1289/1301 928/1359/1371 854/1285/1297 
f 942/1373/1385 621/1052/1064 1023/1455/1466 
f 698/1129/1141 1091/1526/1535 1092/1527/1536 
f 698/1129/1141 1092/1527/1536 915/1346/1358 
f 754/1185/1537 842/1273/1538 1093/1528/1539 
f 1094/1529/1540 1095/1530/1541 1096/1531/1542 
s 1
f 1097/1532/1543 985/1416/1428 734/1165/1177 
f 1098/1533/1544 1099/1534/1545 985/1416/1428 
f 864/1295/1307 1100/1535/1546 1060/1493/1504 
f 1041/1474/1484 748/1179/1191 747/1178/1190 
s 2
f 1101/1536/1547 1102/1537/1548 924/1355/1367 
f 756/1187/1199 755/1186/1198 677/1108/1120 
f 826/1257/1269 779/1210/1222 1028/1461/1471 
f 827/1258/1270 826/1257/1269 1103/1538/1549 
f 965/1396/1408 1104/1539/1550 1105/1540/1551 
f 743/1174/1186 600/1031/1043 599/1030/1042 
f 1046/1479/1489 705/1136/1148 704/1135/1147 
f 1022/1454/1465 940/1371/1383 1106/1541/1552 
f 885/1316/1328 763/1194/1206 1107/1542/1553 
f 1108/1543/1554 1107/1542/1553 763/1194/1206 
s 1
f 906/1337/1349 791/1222/1234 608/1039/1051 
f 793/1224/1236 792/1223/1235 1014/1446/1457 
s 2
f 744/1175/1187 745/1176/1188 1109/1544/1555 
f 932/1363/1375 931/1362/1374 1110/1545/1556 
f 637/1068/1080 639/1070/1082 1111/1546/1557 
f 1112/1547/1558 1113/1548/1559 1114/1549/1560 
s 1
f 1115/1550/1561 1116/1551/1562 1097/1532/1543 
f 985/1416/1428 1097/1532/1543 1116/1551/1562 
s 2
f 1117/1552/1563 1118/1553/1564 1119/1554/1565 
f 922/1353/1365 921/1352/1364 1102/1537/1548 
f 961/1392/1404 720/1151/1163 719/1150/1162 
f 1033/1466/1476 630/1061/1073 1120/1555/1566 
s 1
f 689/1120/1132 929/1360/1372 627/1058/1070 
f 892/1323/1335 891/1322/1334 1013/1445/1456 
f 930/1361/1373 1121/1556/1567 1122/1557/1568 
f 1011/1443/1569 821/1252/1264 820/1251/1263 
f 1123/1558/1570 766/1197/1209 1124/1559/1571 
f 1125/1560/1572 1124/1559/1571 1126/1561/1573 
f 723/1154/1166 722/1153/1165 602/1033/1045 
f 602/1033/1045 1127/1562/1574 723/1154/1166 
s 2
f 814/1245/1257 813/1244/1256 853/1284/1296 
f 1084/1517/1528 1085/1518/1529 858/1289/1301 
f 1128/1563/1575 1129/1564/1576 1130/1565/1577 
f 989/1420/1432 729/1160/1172 1130/1565/1577 
s 1
f 1131/1566/1578 803/1234/1246 802/1233/1245 
f 859/1290/1302 1131/1566/1578 802/1233/1245 
s 2
f 1025/1457/1468 1132/1567/1579 1026/1458/1469 
f 1067/1500/1511 1133/1568/1580 835/1266/1278 
s 1
f 735/1166/1178 695/1126/1138 694/1125/1137 
f 695/1126/1138 1134/1569/1581 889/1320/1332 
f 786/1217/1229 1135/1570/1582 605/1036/1048 
f 626/1057/1069 625/1056/1068 605/1036/1048 
f 879/1310/1322 878/1309/1321 692/1123/1135 
f 881/1312/1324 880/1311/1323 991/1571/1434 
s 2
f 1136/1572/1583 825/1573/1268 1006/1438/1449 
f 1070/1503/1514 1137/1574/1584 683/1114/1126 
s 1
f 807/1238/1250 809/1240/1252 1138/1575/1585 
f 649/1080/1092 735/1166/1178 977/1408/1420 
s 2
f 674/1105/1117 673/1104/1116 1139/1576/1586 
f 673/1104/1116 1140/1577/1587 1141/1578/1588 
f 715/1146/1158 874/1305/1317 1142/1579/1589 
f 762/1193/1205 761/1192/1204 1143/1580/1590 
s 1
f 821/1252/1264 888/1319/1331 819/1250/1262 
s 2
f 759/1190/1202 632/1063/1075 1029/1462/1472 
s 1
f 1144/1581/1591 1044/1477/1487 804/1235/1247 
f 1044/1477/1487 1144/1581/1591 1042/1475/1485 
s 2
f 900/1331/1343 818/1249/1261 898/1329/1341 
f 1145/1582/1592 855/1286/1298 854/1285/1297 
f 612/1043/1055 618/1049/1061 1146/1583/1593 
f 951/1382/1394 953/1384/1396 1147/1584/1594 
f 1034/1467/1477 1037/1470/1480 1036/1469/1479 
f 795/1226/1238 794/1225/1237 843/1274/1286 
s 1
f 864/1295/1307 863/1294/1306 1081/1514/1525 
f 1148/1585/1595 863/1294/1306 904/1335/1347 
s 2
f 1149/1586/1596 1150/1587/1597 808/1239/1598 
f 696/1127/1139 660/1091/1103 808/1239/1598 
f 1077/1510/1521 1151/1588/1599 1152/1589/1600 
f 839/1270/1282 837/1268/1280 836/1267/1279 
s 1
f 967/1398/1410 791/1222/1234 1153/1590/1601 
f 907/1338/1350 1154/1591/1602 791/1222/1234 
f 603/1034/1046 602/1033/1045 1155/1592/1603 
f 1040/1473/1483 747/1178/1190 1155/1592/1603 
f 992/1423/1435 991/1422/1434 880/1593/1323 
f 789/1220/1232 788/1219/1231 1043/1476/1486 
s 2
f 963/1394/1406 1156/1594/1604 1157/1595/1605 
f 1157/1595/1605 718/1149/1161 874/1305/1317 
s 1
f 1158/1596/1606 1159/1597/1607 1160/1598/1608 
f 1055/1488/1499 645/1076/1088 1053/1486/1497 
f 949/1380/1392 766/1197/1209 765/1196/1208 
s 2
f 665/1096/1108 664/1095/1107 1050/1483/1494 
f 850/1281/1293 1161/1599/1609 852/1283/1295 
s 1
f 1008/1600/1451 1073/1506/1610 930/1361/1373 
f 1121/1556/1567 930/1361/1373 1162/1601/1611 
s 2
f 1163/1602/1612 755/1186/1198 974/1405/1417 
f 1164/1603/1613 972/1403/1415 901/1332/1344 
f 1165/1604/1614 658/1089/1101 696/1127/1139 
s 1
f 896/1327/1339 895/1326/1338 976/1407/1419 
s 2
f 1166/1605/1615 760/1191/1203 958/1389/1401 
f 1143/1580/1590 1167/1606/1616 1168/1607/1617 
f 1169/1608/1618 1142/1579/1589 874/1305/1317 
f 720/1151/1163 961/1392/1404 960/1391/1403 
s 1
f 956/1387/1399 945/1376/1388 1074/1507/1518 
f 1170/1609/1619 1074/1507/1518 650/1081/1093 
f 1086/1610/1530 787/1218/1230 1087/1611/1531 
f 993/1424/1436 1171/1612/1620 991/1422/1434 
s 2
f 1172/1613/1621 622/1053/1065 640/1071/1083 
f 799/1230/1242 903/1334/1346 1173/1614/1622 
s 1
f 669/1100/1112 910/1341/1353 1174/1615/1623 
f 860/1291/1303 770/1201/1213 646/1077/1089 
s 2
f 796/1227/1239 988/1419/1431 1175/1616/1624 
f 988/1419/1431 825/1256/1268 636/1067/1079 
f 994/1425/1437 996/1427/1439 1176/1617/1625 
f 617/1048/1060 1177/1618/1626 844/1275/1287 
f 780/1211/1223 959/1390/1402 958/1389/1401 
f 657/1088/1100 1178/1619/1627 655/1086/1098 
s 1
f 1129/1564/1628 1128/1563/1629 904/1335/1347 
f 904/1335/1347 1007/1439/1450 918/1349/1361 
s 2
f 1102/1537/1548 1101/1536/1547 922/1353/1365 
f 676/1107/1119 1001/1432/1444 677/1108/1120 
s 1
f 721/1152/1164 692/1123/1135 878/1309/1321 
f 1083/1516/1527 1082/1515/1526 1179/1620/1630 
s 2
f 1118/1553/1564 1117/1552/1563 679/1110/1122 
f 1180/1621/1631 924/1355/1367 1102/1537/1548 
s 1
f 1181/1622/1632 866/1297/1309 869/1300/1312 
s 2
f 673/1104/1116 681/1112/1124 1140/1577/1587 
f 784/1215/1227 1182/1623/1633 782/1213/1225 
f 1182/1623/1633 1183/1624/1634 1004/1435/1447 
s 1
f 868/1299/1311 1100/1535/1546 866/1297/1309 
f 1038/1471/1481 1184/1625/1635 1040/1473/1483 
s 2
f 684/1115/1127 683/1114/1126 1103/1538/1549 
f 1028/1461/1471 1027/1460/1470 631/1062/1074 
s 1
f 985/1416/1428 793/1224/1236 1098/1533/1544 
f 793/1224/1236 985/1416/1428 1185/1626/1636 
s 2
f 1143/1580/1590 1186/1627/1637 762/1193/1205 
f 876/1307/1319 1187/1628/1638 1142/1579/1589 
s 1
f 653/1084/1096 652/1083/1095 1188/1629/1639 
f 670/1101/1113 672/1103/1115 862/1293/1305 
f 605/1036/1048 1135/1570/1582 1042/1475/1485 
f 1043/1476/1486 1042/1475/1485 785/1216/1228 
f 791/1222/1234 967/1398/1410 609/1040/1052 
f 768/1199/1211 1189/1630/1640 969/1400/1412 
s 2
f 749/1180/1192 798/1229/1241 1057/1490/1501 
f 1058/1491/1502 1057/1490/1501 798/1229/1241 
f 719/1150/1162 1190/1631/1641 961/1392/1404 
f 917/1348/1360 663/1094/1106 662/1093/1105 
s 1
f 822/1253/1265 1107/1542/1642 1108/1543/1643 
f 1191/1632/1644 1107/1542/1642 1021/1453/1464 
f 955/1386/1398 954/1385/1397 652/1083/1095 
f 1185/1626/1636 1192/1633/1645 793/1224/1236 
f 802/1233/1245 801/1232/1244 840/1271/1283 
s 2
f 974/1405/1417 973/1404/1416 1163/1602/1612 
s 1
f 1124/1559/1571 1125/1560/1572 769/1200/1212 
f 769/1200/1212 768/1199/1211 1124/1559/1571 
s 2
f 1069/1502/1513 1075/1508/1519 947/1378/1390 
f 947/1378/1390 1068/1501/1512 1069/1502/1513 
s 1
f 1122/1557/1568 689/1120/1132 1193/1634/1646 
f 689/1120/1132 1122/1557/1568 1121/1556/1567 
s 2
f 831/1262/1274 999/1430/1442 829/1260/1272 
f 1000/1431/1443 676/1107/1119 1194/1635/1647 
f 738/1436/1181 1004/1435/1447 1183/1624/1634 
f 1036/1469/1479 1035/1468/1478 1195/1636/1648 
f 832/1263/1275 999/1430/1442 1196/1637/1649 
f 641/1072/1084 640/1071/1083 832/1263/1275 
f 704/1135/1147 703/1134/1146 1197/1638/1650 
f 1065/1498/1651 1064/1497/1652 773/1204/1216 
f 1142/1579/1589 1169/1608/1618 1198/1639/1653 
f 960/1391/1403 706/1137/1149 708/1139/1151 
s 1
f 970/1401/1413 1003/1434/1446 1199/1640/1654 
f 970/1401/1413 1199/1640/1654 968/1399/1411 
s 2
f 844/1275/1287 618/1049/1061 617/1048/1060 
f 1059/1492/1503 1146/1583/1593 618/1049/1061 
f 911/1342/1354 914/1641/1357 848/1279/1291 
f 737/1168/1180 1005/1642/1448 738/1169/1181 
f 1200/1643/1655 636/1067/1079 825/1256/1268 
f 825/1573/1268 1136/1572/1583 1137/1574/1584 
f 781/1212/1224 958/1389/1401 760/1191/1203 
f 1029/1462/1472 631/1062/1074 1027/1460/1470 
f 972/1403/1415 1015/1447/1458 901/1332/1344 
f 902/1333/1345 901/1332/1344 1015/1447/1458 
f 923/1354/1366 675/1106/1118 674/1105/1117 
f 1094/1529/1540 1096/1531/1542 754/1185/1537 
s 1
f 1054/1487/1498 1201/1644/1656 871/1302/1314 
f 1201/1644/1656 752/1183/1195 873/1304/1316 
s 2
f 865/1296/1657 1060/1493/1658 1202/1645/1659 
f 798/1229/1241 797/1228/1240 952/1383/1395 
s 4
f 926/1357/1660 925/1356/1661 1203/1646/1662 
f 925/1356/1661 1204/1647/1663 1131/1566/1664 
s 2
f 1119/1554/1565 612/1043/1055 1117/1552/1563 
f 1147/1584/1594 1117/1552/1563 612/1043/1055 
s 1
f 950/1381/1393 776/1207/1219 937/1368/1380 
f 1030/1463/1473 778/1209/1221 1205/1648/1665 
f 929/1360/1372 820/1251/1263 819/1250/1262 
f 1012/1444/1455 1013/1445/1456 819/1250/1262 
s 2
f 1206/1649/1666 1207/1650/1667 1208/1651/1668 
f 685/1116/1128 1206/1649/1666 686/1117/1129 
f 1091/1526/1535 1209/1652/1669 939/1370/1382 
f 1209/1652/1669 942/1373/1385 1024/1456/1467 
s 1
f 733/1164/1176 1210/1653/1670 890/1321/1333 
f 606/1037/1049 605/1036/1048 625/1056/1068 
f 1154/1591/1602 907/1338/1350 1211/1654/1671 
f 671/1102/1114 670/1101/1113 1211/1654/1671 
s 2
f 1150/1587/1597 1149/1586/1596 877/1308/1320 
f 877/1308/1320 660/1091/1103 659/1090/1102 
f 902/1333/1345 623/1054/1066 622/1053/1065 
f 853/1284/1296 813/1244/1256 1085/1518/1529 
f 1052/1485/1496 702/1133/1145 701/1132/1144 
f 817/1248/1260 898/1329/1341 818/1249/1261 
f 963/1394/1406 657/1088/1100 656/1087/1099 
f 1212/1655/1672 1105/1540/1551 1104/1539/1550 
f 1213/1656/1673 888/1319/1674 885/1316/1328 
f 1107/1542/1553 1191/1632/1675 885/1316/1328 
s 1
f 884/1315/1327 883/1314/1326 1080/1513/1524 
f 1155/1592/1603 884/1315/1327 603/1034/1046 
s 2
f 661/1092/1104 743/1174/1186 742/1173/1185 
f 1105/1540/1551 966/1397/1409 965/1396/1408 
f 995/1426/1438 839/1270/1282 838/1269/1281 
f 1152/1589/1600 1079/1512/1523 1078/1511/1522 
f 1008/1440/1676 1007/1439/1677 806/1237/1249 
f 730/1161/1173 806/1237/1249 1007/1439/1677 
s 1
f 982/1413/1425 862/1293/1305 861/1292/1304 
f 861/1292/1304 859/1290/1302 982/1413/1425 
f 1081/1514/1525 690/1121/1133 1083/1516/1527 
f 1148/1585/1595 1081/1514/1525 863/1294/1306 
s 2
f 707/1138/1150 987/1418/1430 1198/1639/1653 
f 1150/1587/1597 1045/1478/1488 986/1417/1491 
s 1
f 1158/1596/1606 608/1039/1051 1159/1597/1607 
f 608/1039/1051 1214/1657/1678 906/1337/1349 
f 645/1076/1088 765/1196/1208 1053/1486/1497 
f 753/1184/1196 1215/1658/1679 841/1272/1284 
s 2
f 686/1117/1129 1114/1549/1560 1216/1659/1680 
f 1216/1659/1680 687/1118/1130 686/1117/1129 
f 850/1281/1293 849/1280/1292 726/1157/1169 
f 726/1157/1169 666/1097/1109 665/1096/1108 
s 1
f 910/1341/1353 669/1100/1112 1153/1590/1601 
f 910/1341/1353 1153/1590/1601 791/1222/1234 
s 2
f 628/1059/1071 915/1346/1358 1092/1527/1536 
f 939/1370/1382 941/1372/1384 628/1059/1071 
s 4
f 803/1234/1681 1131/1566/1664 1204/1647/1663 
s 2
f 971/1402/1414 856/1287/1299 1015/1447/1458 
f 851/1282/1294 852/1283/1295 916/1347/1359 
f 1033/1466/1476 1032/1465/1475 1031/1464/1474 
f 705/1136/1148 771/1202/1214 703/1134/1146 
f 1106/1541/1552 1209/1652/1669 1024/1456/1467 
s 1
f 986/1417/1429 1047/1480/1682 811/1242/1254 
f 1197/1638/1683 811/1242/1254 1047/1480/1682 
s 2
f 620/1051/1063 619/1050/1062 697/1128/1140 
f 697/1128/1140 1217/1660/1684 1145/1582/1592 
s 1
f 948/1379/1391 644/1075/1087 1125/1560/1572 
f 644/1075/1087 678/1109/1121 723/1154/1166 
s 2
f 1095/1530/1541 1094/1529/1540 1218/1661/1685 
f 924/1355/1367 1218/1661/1685 1101/1536/1547 
f 1136/1572/1583 1103/1538/1549 683/1114/1126 
f 683/1114/1126 1137/1574/1584 1136/1572/1583 
f 1110/1545/1556 744/1175/1187 932/1363/1375 
f 935/1459/1378 1026/1458/1469 934/1365/1377 
f 684/1115/1127 633/1064/1076 682/1113/1125 
f 1072/1505/1516 1009/1441/1452 1162/1601/1686 
f 675/1106/1118 679/1110/1122 673/1104/1116 
f 679/1110/1122 1180/1621/1631 1118/1553/1564 
f 1175/1616/1624 990/1421/1433 796/1227/1239 
f 1057/1490/1501 796/1227/1239 990/1421/1433 
f 998/1429/1441 725/1156/1168 1066/1499/1510 
f 666/1097/1109 834/1265/1277 664/1095/1107 
s 4
f 1203/1646/1662 1065/1498/1687 926/1357/1660 
s 2
f 773/1204/1216 926/1357/1369 1065/1498/1651 
f 833/1264/1276 1052/1485/1496 1051/1484/1495 
f 1051/1484/1495 834/1265/1277 833/1264/1276 
s 1
f 888/1319/1331 1213/1656/1688 887/1318/1330 
f 1020/1452/1463 1191/1632/1644 1021/1453/1464 
s 2
f 1141/1578/1588 1139/1576/1586 673/1104/1116 
s 1
f 873/1304/1316 1219/1662/1689 1201/1644/1656 
f 1081/1514/1525 1220/1663/1690 864/1295/1307 
f 1100/1535/1546 864/1295/1307 1220/1663/1690 
s 2
f 1106/1541/1552 1046/1479/1489 1022/1454/1465 
f 1046/1479/1489 707/1138/1150 1022/1454/1465 
f 815/1246/1258 814/1245/1257 1221/1664/1691 
f 624/1055/1067 1222/1665/1692 897/1328/1340 
f 1217/1660/1684 1221/1664/1691 814/1245/1257 
f 855/1286/1298 1145/1582/1592 1217/1660/1684 
s 1
f 768/1199/1211 767/1198/1210 936/1367/1379 
f 936/1367/1379 1189/1630/1640 768/1199/1211 
f 1197/1638/1683 812/1243/1255 811/1242/1254 
f 861/1292/1304 812/1243/1255 1064/1497/1508 
f 614/1045/1057 613/1044/1056 774/1205/1217 
f 774/1205/1217 1080/1513/1524 614/1045/1057 
f 982/1413/1425 981/1412/1424 909/1340/1352 
f 646/1077/1089 1174/1615/1623 860/1291/1303 
s 2
f 636/1067/1079 1175/1616/1624 988/1419/1431 
f 1175/1616/1624 636/1067/1079 635/1066/1078 
f 751/1182/1194 750/1181/1193 905/1336/1693 
f 750/1181/1193 1130/1565/1577 1129/1564/1576 
s 1
f 842/1273/1285 840/1271/1283 801/1232/1244 
f 842/1273/1285 753/1184/1196 840/1271/1283 
s 2
f 772/1203/1215 927/1358/1370 926/1357/1369 
f 928/1359/1371 1023/1455/1466 621/1052/1064 
f 946/1377/1389 1069/1502/1513 687/1118/1130 
f 600/1031/1043 946/1377/1389 598/1029/1041 
f 818/1249/1261 699/1130/1142 816/1247/1259 
f 1031/1464/1474 915/1346/1358 1033/1466/1476 
f 1223/1666/1694 1089/1524/1533 1208/1667/1668 
f 997/1428/1440 996/1427/1439 847/1278/1290 
f 1224/1668/1695 1090/1525/1534 1109/1544/1555 
f 916/1347/1359 662/1093/1105 1224/1668/1695 
s 1
f 1193/1634/1646 1225/1669/1696 1122/1557/1568 
f 1225/1669/1696 1193/1634/1646 1042/1475/1485 
f 1220/1663/1690 1041/1474/1484 1100/1535/1546 
f 1184/1625/1635 866/1297/1309 1100/1535/1546 
s 2
f 805/1670/1248 634/1671/1077 1070/1503/1514 
f 1073/1506/1517 1008/1600/1676 1071/1504/1515 
s 1
f 804/1235/1247 1122/1557/1568 1144/1581/1591 
f 1122/1557/1568 804/1235/1247 930/1361/1373 
f 1138/1575/1585 1226/1672/1697 807/1238/1250 
f 975/1406/1418 807/1238/1250 1226/1672/1697 
s 2
f 758/1189/1201 1167/1606/1616 885/1316/1328 
f 1167/1606/1616 1166/1605/1615 1168/1607/1617 
s 1
f 1003/1434/1446 970/1401/1413 1227/1673/1698 
f 770/1201/1213 841/1272/1284 647/1078/1090 
s 2
f 1151/1588/1599 831/1262/1274 830/1261/1273 
f 830/1261/1273 1152/1589/1600 1151/1588/1599 
f 659/1090/1102 658/1089/1101 1228/1674/1699 
f 1187/1628/1638 762/1193/1205 1186/1627/1637 
s 1
f 786/1217/1229 1205/1648/1665 1087/1611/1531 
f 1087/1611/1531 787/1218/1230 786/1217/1229 
s 2
f 1037/1470/1480 1034/1467/1477 997/1428/1440 
f 847/1278/1290 846/1277/1289 997/1428/1440 
s 1
f 1002/1675/1445 790/1221/1233 1229/1676/1700 
f 790/1221/1233 1002/1675/1445 918/1677/1361 
f 733/1164/1176 732/1163/1175 1030/1463/1473 
f 1030/1463/1473 1210/1653/1670 733/1164/1176 
f 1055/1488/1499 871/1302/1314 1038/1471/1481 
f 871/1302/1314 1055/1488/1499 1054/1487/1498 
f 881/1312/1324 692/1123/1135 691/1122/1134 
f 692/1123/1135 881/1312/1324 879/1310/1322 
s 2
f 799/1230/1242 1173/1614/1622 1172/1613/1621 
f 800/1231/1243 799/1230/1242 642/1073/1085 
f 763/1194/1206 1228/1674/1699 658/1089/1101 
f 658/1089/1101 1165/1604/1614 763/1194/1206 
s 1
f 1179/1620/1630 878/1309/1321 614/1045/1057 
f 878/1309/1321 1179/1620/1630 1082/1515/1526 
f 1230/1678/1701 746/1177/1189 1081/1514/1525 
f 746/1177/1189 1230/1678/1701 883/1314/1326 
f 869/1300/1312 980/1411/1423 1181/1622/1632 
f 980/1411/1423 869/1300/1312 978/1409/1421 
f 1229/1676/1700 880/1593/1323 1002/1675/1445 
f 880/1593/1323 1229/1676/1700 992/1423/1435 
s 2
f 679/1110/1122 1117/1552/1563 731/1162/1174 
f 1117/1552/1563 1147/1584/1594 953/1384/1396 
s 1
f 1042/1475/1485 626/1057/1069 605/1036/1048 
f 626/1057/1069 1042/1475/1485 1193/1634/1646 
f 967/1398/1410 969/1400/1412 1189/1630/1640 
f 969/1400/1412 967/1398/1410 1062/1495/1506 
s 2
f 696/1127/1139 976/1407/1702 1165/1604/1614 
s 1
f 976/1407/1419 894/1325/1337 807/1238/1250 
s 2
f 821/1252/1703 1011/1443/1454 1010/1442/1453 
f 1010/1442/1453 886/1317/1329 821/1252/1703 
s 1
f 929/1360/1372 1013/1445/1456 891/1322/1334 
f 819/1250/1262 1013/1445/1456 929/1360/1372 
s 2
f 1231/1679/1704 1232/1680/1705 1025/1457/1468 
f 1132/1567/1579 1025/1457/1468 1133/1568/1580 
s 1
f 1040/1473/1483 1039/1472/1482 1038/1471/1481 
f 1039/1472/1482 1040/1473/1483 722/1153/1165 
f 672/1103/1115 1188/1629/1639 957/1388/1400 
f 810/1241/1253 957/1388/1400 1188/1629/1639 
s 2
f 639/1070/1082 934/1365/1377 931/1362/1374 
f 1233/1681/1706 1111/1546/1557 639/1070/1082 
s 1
f 890/1321/1333 893/1324/1336 892/1323/1335 
f 893/1324/1336 890/1321/1333 1210/1653/1670 
f 891/1322/1334 627/1058/1070 929/1360/1372 
f 627/1058/1070 891/1322/1334 625/1056/1068 
s 2
f 629/1060/1072 628/1059/1071 941/1372/1384 
f 1022/1454/1465 962/1393/1405 941/1372/1384 
f 1168/1607/1617 958/1389/1401 959/1390/1402 
f 958/1389/1401 1168/1607/1617 1166/1605/1615 
s 1
f 823/1254/1266 822/1253/1265 896/1327/1339 
f 1226/1672/1697 823/1254/1266 975/1406/1418 
s 2
f 1076/1509/1520 826/1257/1269 784/1215/1227 
f 828/1259/1271 784/1215/1227 826/1257/1269 
f 780/1211/1223 779/1210/1222 1075/1508/1519 
f 826/1257/1269 1076/1509/1520 779/1210/1222 
f 1004/1435/1447 782/1213/1225 1182/1623/1633 
f 741/1172/1184 782/1213/1225 739/1170/1182 
f 1202/1645/1659 751/1182/1194 865/1296/1657 
f 905/1336/1693 865/1296/1657 751/1182/1194 
f 707/1138/1150 1046/1479/1489 1045/1478/1488 
f 1045/1478/1488 1150/1587/1597 707/1138/1150 
s 4
f 886/1317/1707 885/1316/1707 888/1319/1707 
s 2
f 888/1319/1674 821/1252/1703 886/1317/1329 
f 709/1140/1152 1006/1682/1449 825/1256/1268 
f 1006/1682/1449 1195/1636/1648 1035/1468/1478 
f 681/1112/1124 680/1111/1123 868/1299/1708 
f 680/1111/1123 1202/1645/1659 1060/1493/1658 
s 1
f 1019/1451/1462 693/1124/1136 695/1126/1138 
f 1021/1453/1464 824/1255/1267 1019/1451/1462 
f 1011/1443/1569 1121/1556/1567 1162/1601/1611 
s 2
f 1011/1443/1454 1162/1601/1686 1009/1441/1452 
f 1079/1512/1523 994/1425/1437 617/1048/1060 
f 1177/1618/1626 617/1048/1060 994/1425/1437 
s 1
f 992/1423/1435 1043/1476/1486 785/1216/1228 
f 1043/1476/1486 992/1423/1435 789/1220/1232 
f 884/1315/1327 1155/1592/1603 747/1178/1190 
f 746/1177/1189 884/1315/1327 747/1178/1190 
s 2
f 835/1266/1278 1066/1499/1510 1067/1500/1511 
f 837/1268/1280 829/1260/1272 835/1266/1278 
s 1
f 1017/1449/1460 1211/1654/1671 907/1338/1350 
f 1017/1449/1460 907/1338/1350 906/1337/1349 
f 1054/1487/1498 1053/1486/1497 752/1183/1195 
f 1201/1644/1656 1054/1487/1498 752/1183/1195 
f 608/1039/1051 607/1038/1050 1159/1597/1607 
f 1107/1542/1642 822/1253/1265 1234/1683/1709 
f 824/1255/1267 1234/1683/1709 822/1253/1265 
f 930/1361/1373 918/1677/1361 1008/1600/1451 
f 918/1677/1361 930/1361/1373 790/1221/1233 
s 2
f 719/1150/1162 718/1149/1161 964/1395/1407 
f 964/1395/1407 1190/1631/1641 719/1150/1162 
f 711/1142/1154 795/1226/1238 1034/1467/1477 
f 795/1226/1238 711/1142/1154 710/1141/1153 
f 744/1175/1187 1026/1458/1469 1132/1567/1579 
f 744/1175/1187 1110/1545/1556 1026/1458/1469 
f 702/1133/1145 1052/1485/1496 1048/1481/1492 
f 1049/1482/1493 1048/1481/1492 1052/1485/1496 
f 961/1392/1404 630/1061/1073 629/1060/1072 
f 630/1061/1073 961/1392/1404 1190/1631/1641 
f 717/1148/1160 959/1390/1402 657/1088/1100 
f 1178/1619/1627 657/1088/1100 959/1390/1402 
s 1
f 1065/1498/1509 1203/1646/1710 859/1290/1302 
f 859/1290/1302 861/1292/1304 1065/1498/1509 
f 770/1201/1213 860/1291/1303 802/1233/1245 
f 841/1272/1284 770/1201/1213 802/1233/1245 
s 2
f 621/1052/1064 1145/1582/1592 854/1285/1297 
f 621/1052/1064 854/1285/1297 928/1359/1371 
s 1
f 753/1184/1196 752/1183/1195 1053/1486/1497 
f 753/1184/1196 1053/1486/1497 1215/1658/1679 
s 2
f 717/1148/1160 875/1306/1318 715/1146/1158 
f 1157/1595/1605 717/1148/1160 963/1394/1406 
s 1
f 986/1417/1429 809/1240/1252 808/1239/1251 
s 2
f 986/1417/1491 808/1239/1598 1150/1587/1597 
s 1
f 889/1320/1332 1097/1532/1543 734/1165/1177 
f 1097/1532/1543 889/1320/1332 1115/1550/1561 
s 2
f 631/1062/1074 684/1115/1127 1028/1461/1471 
f 633/1064/1076 684/1115/1127 631/1062/1074 
s 1
f 650/1081/1093 649/1080/1092 1170/1609/1619 
f 649/1080/1092 977/1408/1420 1138/1575/1585 
s 2
f 1146/1583/1593 1059/1492/1503 1058/1491/1502 
f 1147/1584/1594 1058/1491/1502 951/1382/1394 
f 842/1273/1538 801/1232/1711 974/1405/1417 
f 974/1405/1417 1093/1528/1539 842/1273/1538 
f 916/1347/1359 1033/1466/1476 1120/1555/1566 
f 1033/1466/1476 916/1347/1359 852/1283/1295 
f 873/1304/1712 872/1303/1713 674/1105/1117 
f 1096/1531/1542 674/1105/1117 872/1303/1713 
s 1
f 734/1165/1177 597/1028/1040 732/1163/1175 
f 597/1028/1040 1099/1534/1545 1098/1533/1544 
s 2
f 922/1353/1365 1001/1432/1444 1000/1431/1443 
f 1001/1432/1444 922/1353/1365 1101/1536/1547 
f 1101/1536/1547 756/1187/1199 677/1108/1120 
f 1101/1536/1547 677/1108/1120 1001/1432/1444 
f 1186/1627/1637 1143/1580/1590 715/1146/1158 
f 716/1147/1159 715/1146/1158 1143/1580/1590 
f 876/1307/1319 1198/1639/1653 987/1418/1430 
f 1198/1639/1653 876/1307/1319 1142/1579/1589 
f 745/1176/1188 726/1157/1169 849/1280/1292 
f 726/1157/1169 745/1176/1188 724/1155/1167 
f 637/1068/1080 1206/1649/1666 713/1684/1156 
f 1206/1649/1666 637/1068/1080 1111/1546/1557 
f 1231/1679/1704 1089/1524/1533 996/1427/1439 
f 1089/1524/1533 1223/1666/1694 996/1427/1439 
f 915/1346/1358 699/1130/1142 698/1129/1141 
f 915/1346/1358 816/1247/1259 699/1130/1142 
f 1112/1547/1558 1090/1525/1534 662/1093/1105 
f 1090/1525/1534 1224/1668/1695 662/1093/1105 
s 1
f 597/1028/1040 596/1027/1039 777/1208/1220 
s 2
f 874/1305/1317 720/1151/1163 1169/1608/1618 
f 720/1151/1163 874/1305/1317 718/1149/1161 
f 1028/1461/1471 1103/1538/1549 826/1257/1269 
f 1103/1538/1549 1028/1461/1471 684/1115/1127 
s 1
f 774/1205/1217 613/1044/1056 775/1206/1218 
f 651/1082/1094 945/1376/1388 944/1375/1387 
f 1116/1551/1562 944/1375/1387 985/1416/1428 
f 870/1301/1313 869/1300/1312 866/1297/1309 
f 866/1297/1309 1184/1625/1635 870/1301/1313 
s 2
f 933/1364/1376 1114/1549/1560 931/1362/1374 
f 931/1362/1374 1233/1681/1706 639/1070/1082 
s 1
f 602/1033/1045 601/1032/1044 950/1381/1393 
f 950/1381/1393 1127/1562/1574 602/1033/1045 
s 2
f 1034/1467/1477 843/1274/1286 845/1276/1288 
f 843/1274/1286 1034/1467/1477 795/1226/1238 
s 1
f 862/1293/1305 982/1413/1425 670/1101/1113 
f 909/1340/1352 670/1101/1113 982/1413/1425 
s 2
f 1000/1431/1443 727/1158/1170 922/1353/1365 
f 1000/1431/1443 728/1159/1171 727/1158/1170 
s 1
f 691/1122/1134 690/1121/1133 920/1351/1363 
f 904/1335/1347 920/1351/1363 1148/1585/1595 
f 787/1218/1230 993/1424/1436 785/1216/1228 
f 993/1424/1436 787/1218/1230 1086/1610/1530 
s 4
f 801/1232/1714 803/1234/1681 1235/1685/1715 
f 1204/1647/1663 1235/1685/1715 803/1234/1681 
s 2
f 718/1149/1161 1157/1595/1605 1156/1594/1604 
f 965/1396/1408 964/1395/1407 718/1149/1161 
f 798/1229/1241 951/1382/1394 1058/1491/1502 
f 952/1383/1395 951/1382/1394 798/1229/1241 
s 1
f 841/1272/1284 1215/1658/1679 1003/1434/1446 
f 1003/1434/1446 1227/1673/1698 841/1272/1284 
s 2
f 1206/1649/1666 685/1116/1128 1207/1650/1667 
f 685/1116/1128 1068/1501/1512 912/1343/1355 
f 1075/1508/1519 1069/1502/1513 655/1086/1098 
f 1069/1502/1513 946/1377/1389 655/1086/1098 
f 946/1377/1389 1212/1655/1672 656/1087/1099 
f 1104/1539/1550 656/1087/1099 1212/1655/1672 
s 1
f 1061/1494/1505 1062/1495/1506 648/1079/1091 
f 669/1100/1112 1236/1686/1716 667/1098/1110 
f 1012/1444/1455 695/1126/1138 892/1323/1335 
f 695/1126/1138 890/1321/1333 892/1323/1335 
f 868/1299/1311 1060/1493/1504 1100/1535/1546 
s 2
f 1060/1493/1658 868/1299/1708 680/1111/1123 
f 913/1344/1356 912/1343/1355 1068/1501/1512 
f 1068/1501/1512 947/1378/1390 741/1172/1184 
f 1113/1548/1559 1216/1659/1680 1114/1549/1560 
f 599/1030/1042 598/1029/1041 1216/1659/1680 
f 1232/1680/1705 1133/1568/1580 1025/1457/1468 
f 836/1267/1279 835/1266/1278 1133/1568/1580 
f 843/1274/1286 1056/1489/1500 844/1275/1287 
f 618/1049/1061 844/1275/1287 1059/1492/1503 
f 1196/1637/1649 1194/1635/1647 676/1107/1119 
f 676/1107/1119 642/1073/1085 641/1072/1084 
f 923/1354/1366 1096/1531/1542 1095/1530/1541 
f 674/1105/1117 1096/1531/1542 923/1354/1366 
f 703/1134/1146 773/1204/1216 1064/1497/1652 
f 773/1204/1216 703/1134/1146 771/1202/1214 
s 1
f 615/1046/1058 1086/1521/1530 613/1044/1056 
f 1171/1687/1620 615/1046/1058 879/1310/1322 
f 1014/1446/1457 1158/1596/1606 596/1027/1039 
f 1214/1657/1678 1014/1446/1457 1018/1450/1461 
f 671/1102/1114 653/1084/1096 672/1103/1115 
f 672/1103/1115 653/1084/1096 1188/1629/1639 
s 2
f 640/1071/1083 624/1055/1067 897/1328/1340 
f 640/1071/1083 897/1328/1340 832/1263/1275 
s 1
f 944/1375/1387 943/1374/1386 984/1415/1427 
f 1192/1633/1645 1185/1626/1636 955/1386/1398 
s 2
f 960/1391/1403 1169/1608/1618 720/1151/1163 
f 1169/1608/1618 960/1391/1403 708/1139/1151 
f 903/1334/1346 901/1332/1344 1173/1614/1622 
f 1164/1603/1613 901/1332/1344 903/1334/1346 
f 1218/1661/1685 924/1355/1367 1095/1530/1541 
f 1095/1530/1541 924/1355/1367 923/1354/1366 
f 1130/1565/1577 730/1161/1173 1128/1563/1575 
f 730/1161/1173 1130/1565/1577 729/1160/1172 
f 980/1411/1717 979/1410/1718 1141/1578/1588 
s 1
f 979/1410/1422 1201/1644/1656 1219/1662/1689 
f 908/1339/1351 1211/1654/1671 670/1101/1113 
f 1154/1591/1602 1211/1654/1671 908/1339/1351 
s 2
f 1118/1553/1564 1102/1537/1548 921/1352/1364 
f 1102/1537/1548 1118/1553/1564 1180/1621/1631 
f 763/1194/1206 1165/1604/1614 1108/1543/1554 
s 1
f 822/1253/1265 1108/1543/1643 895/1326/1338 
s 2
f 725/1156/1168 998/1429/1441 834/1265/1277 
f 998/1429/1441 832/1263/1275 834/1265/1277 
f 855/1286/1298 814/1245/1257 853/1284/1296 
f 814/1245/1257 855/1286/1298 1217/1660/1684 
f 1143/1580/1590 1168/1607/1617 716/1147/1159 
f 959/1390/1402 716/1147/1159 1168/1607/1617 
s 1
f 1061/1494/1505 1227/1673/1698 970/1401/1413 
f 1063/1496/1507 970/1401/1413 969/1400/1412 
f 651/1082/1094 1115/1550/1561 735/1166/1178 
f 695/1126/1138 735/1166/1178 1134/1569/1581 
s 2
f 829/1260/1272 999/1430/1442 1066/1499/1510 
f 1066/1499/1510 835/1266/1278 829/1260/1272 
s 1
f 868/1299/1311 867/1298/1310 681/1112/1719 
s 2
f 1140/1577/1587 681/1112/1124 1181/1622/1720 
s 1
f 909/1340/1352 1174/1615/1623 910/1341/1353 
f 1174/1615/1623 909/1340/1352 981/1412/1424 
s 2
f 611/1042/1054 610/1041/1053 1077/1510/1521 
f 617/1048/1060 616/1047/1059 1078/1511/1522 
f 687/1118/1130 598/1029/1041 946/1377/1389 
f 687/1118/1130 1216/1659/1680 598/1029/1041 
s 1
f 955/1386/1398 652/1083/1095 1192/1633/1645 
f 654/1085/1097 983/1414/1426 652/1083/1095 
s 2
f 1208/1667/1668 911/1342/1354 1223/1666/1694 
f 911/1342/1354 1208/1667/1668 1207/1688/1667 
f 756/1187/1199 1218/1661/1685 1094/1529/1540 
f 1218/1661/1685 756/1187/1199 1101/1536/1547 
f 973/1404/1416 974/1405/1417 801/1232/1711 
s 4
f 1235/1685/1715 973/1404/1721 801/1232/1714 
s 2
f 659/1090/1102 1187/1628/1638 876/1307/1319 
f 1187/1628/1638 659/1090/1102 1228/1674/1699 
s 1
f 766/1197/1209 949/1380/1392 1126/1561/1573 
f 766/1197/1209 1126/1561/1573 1124/1559/1571 
s 2
f 675/1106/1118 1180/1621/1631 679/1110/1122 
f 924/1355/1367 1180/1621/1631 675/1106/1118 
f 666/1097/1109 726/1157/1169 725/1156/1168 
f 834/1265/1277 666/1097/1109 725/1156/1168 
f 1094/1529/1540 757/1188/1200 756/1187/1199 
f 1093/1528/1539 1094/1529/1540 754/1185/1537 
f 1142/1579/1589 1186/1627/1637 715/1146/1158 
f 1186/1627/1637 1142/1579/1589 1187/1628/1638 
s 1
f 823/1254/1266 694/1125/1137 693/1124/1136 
f 823/1254/1266 1226/1672/1697 694/1125/1137 
f 792/1223/1235 1018/1450/1461 1014/1446/1457 
f 1018/1450/1461 792/1223/1235 1016/1448/1459 
s 2
f 996/1427/1439 838/1269/1281 1231/1679/1704 
f 1232/1680/1705 1231/1679/1704 838/1269/1281 
f 662/1093/1105 742/1173/1185 1112/1547/1558 
f 1113/1548/1559 1112/1547/1558 742/1173/1185 
f 903/1334/1346 755/1186/1198 1164/1603/1613 
f 1164/1603/1613 755/1186/1198 1163/1602/1612 
f 665/1096/1108 1050/1483/1494 1161/1599/1609 
f 701/1132/1144 1050/1483/1494 1052/1485/1496 
s 1
f 1074/1507/1518 1170/1609/1619 809/1240/1252 
f 809/1240/1252 811/1242/1254 1074/1507/1518 
f 1115/1550/1561 651/1082/1094 1116/1551/1562 
f 944/1375/1387 1116/1551/1562 651/1082/1094 
s 2
f 990/1421/1433 749/1180/1192 1057/1490/1501 
f 749/1180/1192 990/1421/1433 989/1420/1432 
s 1
f 764/1195/1207 1199/1640/1654 1003/1434/1446 
f 1199/1640/1654 1123/1558/1570 968/1399/1411 
f 1121/1556/1567 820/1251/1263 689/1120/1132 
f 820/1251/1263 1121/1556/1567 1011/1443/1569 
f 949/1380/1392 645/1076/1088 644/1075/1087 
f 645/1076/1088 949/1380/1392 765/1196/1208 
s 2
f 845/1276/1288 1176/1617/1625 996/1427/1439 
f 1177/1618/1626 845/1276/1288 844/1275/1287 
f 727/1158/1170 610/1041/1053 921/1352/1364 
f 921/1352/1364 1119/1554/1565 1118/1553/1564 
f 1120/1555/1566 917/1348/1360 916/1347/1359 
f 630/1061/1073 1190/1631/1641 1120/1555/1566 
f 698/1129/1141 619/1050/1062 621/1052/1064 
f 698/1129/1141 697/1128/1140 619/1050/1062 
s 1
f 654/1085/1097 653/1084/1096 1016/1448/1459 
f 654/1085/1097 1016/1448/1459 792/1223/1235 
f 936/1367/1379 767/1198/1210 937/1368/1380 
f 937/1368/1380 767/1198/1210 950/1381/1393 
s 2
f 1197/1638/1650 1047/1480/1490 704/1135/1147 
f 1045/1478/1488 704/1135/1147 1047/1480/1490 
f 914/1641/1357 1005/1642/1448 1237/1689/1722 
f 740/1171/1183 914/1345/1357 913/1344/1356 
f 1161/1599/1609 850/1281/1293 665/1096/1108 
f 726/1157/1169 665/1096/1108 850/1281/1293 
f 622/1053/1065 1173/1614/1622 901/1332/1344 
f 622/1053/1065 1172/1613/1621 1173/1614/1622 
s 1
f 691/1122/1134 882/1313/1325 881/1312/1324 
f 919/1350/1362 1002/1433/1445 882/1313/1325 
s 2
f 941/1372/1384 962/1393/1405 629/1060/1072 
f 960/1391/1403 629/1060/1072 962/1393/1405 
f 1237/1689/1722 737/1168/1180 736/1167/1179 
f 737/1168/1180 1237/1689/1722 1005/1642/1448 
f 636/1067/1079 1200/1643/1655 634/1065/1077 
f 1137/1574/1584 1070/1503/1514 634/1671/1077 
s 1
f 908/1339/1351 910/1341/1353 1154/1591/1602 
f 1154/1591/1602 910/1341/1353 791/1222/1234 
f 1041/1474/1484 1040/1473/1483 1184/1625/1635 
f 1041/1474/1484 1184/1625/1635 1100/1535/1546 
f 1178/1619/1723 780/1211/1723 655/1086/1723 
s 2
f 959/1390/1402 780/1211/1223 1178/1619/1627 
f 1198/1639/1653 708/1139/1151 707/1138/1150 
f 1169/1608/1618 708/1139/1151 1198/1639/1653 
s 1
f 1215/1658/1679 1053/1486/1497 765/1196/1208 
f 765/1196/1208 1003/1434/1446 1215/1658/1679 
s 2
f 1006/1438/1449 827/1258/1270 1136/1572/1583 
f 1103/1538/1549 1136/1572/1583 827/1258/1270 
f 849/1280/1292 1109/1544/1555 745/1176/1188 
f 1109/1544/1555 849/1280/1292 1224/1668/1695 
f 899/1330/1342 897/1328/1340 1222/1665/1692 
f 1222/1665/1692 900/1331/1343 899/1330/1342 
s 1
f 786/1217/1229 604/1035/1047 1205/1648/1665 
f 1205/1648/1665 604/1035/1047 1030/1463/1473 
s 2
f 635/1066/1078 729/1160/1172 1175/1616/1624 
f 990/1421/1433 1175/1616/1624 729/1160/1172 
f 940/1371/1383 939/1370/1382 1209/1652/1669 
f 940/1371/1383 1209/1652/1669 1106/1541/1552 
f 935/1459/1378 712/1143/1155 1025/1457/1468 
f 638/1690/1081 637/1520/1080 712/1143/1155 
s 1
f 1174/1615/1623 646/1077/1089 669/1100/1112 
f 1236/1686/1716 669/1100/1112 646/1077/1089 
f 1074/1507/1518 810/1241/1253 956/1387/1399 
f 954/1385/1397 956/1387/1399 810/1241/1253 
s 2
f 1048/1481/1492 817/1248/1260 702/1133/1145 
f 1032/1465/1475 702/1133/1145 817/1248/1260 
f 972/1403/1415 1163/1602/1612 973/1404/1416 
f 972/1403/1415 1164/1603/1613 1163/1602/1612 
f 725/1156/1168 724/1155/1167 1067/1500/1511 
f 724/1155/1167 744/1175/1187 1132/1567/1579 
s 1
f 690/1121/1133 1081/1514/1525 1148/1585/1595 
f 1148/1585/1595 920/1351/1363 690/1121/1133 
s 2
f 877/1308/1320 987/1418/1430 1150/1587/1597 
f 987/1418/1430 707/1138/1150 1150/1587/1597 
f 635/1066/1078 634/1065/1077 806/1237/1249 
f 806/1237/1249 730/1161/1173 635/1066/1078 
s 1
f 883/1314/1326 1179/1620/1630 614/1045/1057 
f 1179/1620/1630 883/1314/1326 1230/1678/1701 
s 2
f 771/1202/1214 705/1136/1148 1106/1541/1552 
f 1046/1479/1489 1106/1541/1552 705/1136/1148 
f 795/1226/1238 710/1141/1153 988/1419/1431 
f 825/1256/1268 988/1419/1431 710/1141/1153 
f 632/1063/1075 759/1190/1202 886/1317/1329 
f 759/1190/1202 758/1189/1201 886/1317/1329 
s 1
f 905/1336/1348 1129/1564/1628 904/1335/1347 
s 2
f 1129/1564/1576 905/1336/1693 750/1181/1193 
s 1
f 968/1399/1411 1124/1559/1571 768/1199/1211 
f 1124/1559/1571 968/1399/1411 1123/1558/1570 
s 2
f 1023/1455/1466 928/1359/1371 927/1358/1370 
f 857/1288/1300 927/1358/1370 928/1359/1371 
f 856/1287/1299 971/1402/1414 1235/1685/1724 
f 973/1404/1416 1235/1685/1724 971/1402/1414 
f 660/1091/1103 877/1308/1320 1149/1586/1596 
f 660/1091/1103 1149/1586/1596 808/1239/1598 
s 1
f 786/1217/1229 785/1216/1228 1135/1570/1582 
f 1135/1570/1582 785/1216/1228 1042/1475/1485 
s 2
f 783/1214/1226 1075/1508/1519 1076/1509/1520 
f 1076/1509/1520 1075/1508/1519 779/1210/1222 
f 997/1428/1440 736/1167/1179 1037/1470/1480 
f 738/1169/1181 1037/1470/1480 736/1167/1179 
f 1033/1466/1476 700/1131/1143 1032/1465/1475 
f 702/1133/1145 1032/1465/1475 700/1131/1143 
s 1
f 1155/1592/1603 722/1153/1165 1040/1473/1483 
f 722/1153/1165 1155/1592/1603 602/1033/1045 
s 2
f 1024/1456/1467 1023/1455/1466 772/1203/1215 
f 927/1358/1370 772/1203/1215 1023/1455/1466 
f 902/1333/1345 1085/1518/1529 813/1244/1256 
f 1085/1518/1529 902/1333/1345 1015/1447/1458 
s 1
f 1038/1471/1481 643/1074/1086 1055/1488/1499 
f 645/1076/1088 1055/1488/1499 643/1074/1086 
f 774/1205/1217 603/1034/1046 1080/1513/1524 
f 1080/1513/1524 603/1034/1046 884/1315/1327 
f 936/1367/1379 609/1040/1052 1189/1630/1640 
f 1189/1630/1640 609/1040/1052 967/1398/1410 
s 2
f 939/1370/1382 1092/1527/1536 1091/1526/1535 
f 1092/1527/1536 939/1370/1382 628/1059/1071 
f 857/1288/1300 856/1287/1299 1204/1647/1725 
f 1235/1685/1724 1204/1647/1725 856/1287/1299 
f 674/1105/1117 1139/1576/1586 873/1304/1712 
f 1219/1662/1726 873/1304/1712 1139/1576/1586 
s 1
f 597/1028/1040 734/1165/1177 1099/1534/1545 
f 1099/1534/1545 734/1165/1177 985/1416/1428 
s 2
f 772/1203/1215 771/1202/1214 1024/1456/1467 
f 1106/1541/1552 1024/1456/1467 771/1202/1214 
f 1233/1681/1706 931/1362/1374 1114/1549/1560 
f 1111/1546/1557 1233/1681/1706 1114/1549/1560 
s 1
f 1062/1495/1506 667/1098/1110 1236/1686/1716 
f 667/1098/1110 1062/1495/1506 967/1398/1410 
f 1226/1672/1697 1138/1575/1585 977/1408/1420 
f 977/1408/1420 694/1125/1137 1226/1672/1697 
s 2
f 927/1358/1370 857/1288/1300 925/1356/1368 
f 1204/1647/1725 925/1356/1368 857/1288/1300 
s 1
f 879/1310/1322 991/1571/1434 1171/1687/1620 
f 991/1571/1434 879/1310/1322 881/1312/1324 
s 2
f 749/1180/1192 989/1420/1432 750/1181/1193 
f 1130/1565/1577 750/1181/1193 989/1420/1432 
s 1
f 778/1209/1221 732/1163/1175 597/1028/1040 
f 1030/1463/1473 732/1163/1175 778/1209/1221 
f 1115/1550/1561 1134/1569/1581 735/1166/1178 
f 1134/1569/1581 1115/1550/1561 889/1320/1332 
f 671/1102/1114 1211/1654/1671 1017/1449/1460 
f 1017/1449/1460 1016/1448/1459 671/1102/1114 
f 981/1412/1424 860/1291/1303 1174/1615/1623 
f 860/1291/1303 981/1412/1424 859/1290/1302 
f 668/1099/1111 1153/1590/1601 669/1100/1112 
f 1153/1590/1601 668/1099/1111 967/1398/1410 
f 957/1388/1400 862/1293/1305 672/1103/1115 
f 812/1243/1255 862/1293/1305 957/1388/1400 
f 625/1056/1068 893/1324/1336 606/1037/1049 
f 893/1324/1336 625/1056/1068 891/1322/1334 
s 2
f 633/1064/1076 1009/1441/1452 1072/1505/1516 
f 1009/1441/1452 633/1064/1076 632/1063/1075 
f 1070/1503/1514 1071/1504/1515 805/1670/1248 
f 1071/1504/1515 1070/1503/1514 682/1113/1125 
s 1
f 1197/1638/1683 1064/1497/1508 812/1243/1255 
s 2
f 1064/1497/1652 1197/1638/1650 703/1134/1146 
f 682/1113/1125 1072/1505/1516 1071/1504/1515 
f 1072/1505/1516 682/1113/1125 633/1064/1076 
s 1
f 596/1027/1039 1160/1598/1608 777/1208/1220 
f 1160/1598/1608 596/1027/1039 1158/1596/1606 
s 2
f 832/1263/1275 1196/1637/1649 641/1072/1084 
f 676/1107/1119 641/1072/1084 1196/1637/1649 
s 1
f 613/1044/1056 1088/1523/1532 775/1206/1218 
f 1088/1523/1532 613/1044/1056 1086/1521/1530 
s 2
f 1145/1582/1592 621/1052/1064 620/1051/1063 
f 1145/1582/1592 620/1051/1063 697/1128/1140 
f 632/1063/1075 1010/1442/1453 1009/1441/1452 
f 886/1317/1329 1010/1442/1453 632/1063/1075 
f 796/1227/1239 1057/1490/1501 794/1225/1237 
f 1056/1489/1500 794/1225/1237 1057/1490/1501 
s 1
f 978/1409/1421 871/1302/1314 1201/1644/1656 
f 979/1410/1422 978/1409/1421 1201/1644/1656 
f 776/1207/1219 601/1032/1044 774/1205/1217 
f 950/1381/1393 601/1032/1044 776/1207/1219 
s 2
f 808/1239/1598 894/1325/1727 696/1127/1139 
f 976/1407/1702 696/1127/1139 894/1325/1727 
s 1
f 1030/1463/1473 606/1037/1049 1210/1653/1670 
f 1210/1653/1670 606/1037/1049 893/1324/1336 
f 870/1301/1313 1038/1471/1481 871/1302/1314 
f 1038/1471/1481 870/1301/1313 1184/1625/1635 
f 607/1038/1050 938/1369/1381 1159/1597/1607 
f 938/1369/1381 607/1038/1050 936/1367/1379 
s 2
f 895/1326/1728 1108/1543/1554 1165/1604/1614 
f 976/1407/1702 895/1326/1728 1165/1604/1614 
f 1037/1470/1480 738/1169/1181 1035/1468/1478 
f 1183/1691/1634 1035/1468/1478 738/1169/1181 
f 728/1159/1171 1000/1431/1443 831/1262/1274 
f 999/1430/1442 831/1262/1274 1000/1431/1443 
s 1
f 1007/1439/1450 904/1335/1347 1128/1563/1629 
s 2
f 1007/1439/1677 1128/1563/1575 730/1161/1173 
f 854/1285/1297 853/1284/1296 1084/1517/1528 
f 1085/1518/1529 1084/1517/1528 853/1284/1296 
f 797/1228/1240 751/1182/1194 1202/1645/1659 
f 751/1182/1194 797/1228/1240 749/1180/1192 
s 1
f 1073/1506/1610 1162/1601/1611 930/1361/1373 
s 2
f 1162/1601/1686 1073/1506/1517 1072/1505/1516 
f 828/1259/1271 1006/1438/1449 1183/1624/1634 
f 1035/1468/1478 1183/1691/1634 1006/1682/1449 
s 1
f 1214/1657/1678 608/1039/1051 1158/1596/1606 
f 1158/1596/1606 1014/1446/1457 1214/1657/1678 
s 2
f 612/1043/1055 1146/1583/1593 1147/1584/1594 
f 1058/1491/1502 1147/1584/1594 1146/1583/1593 
s 1
f 866/1297/1309 1181/1622/1632 867/1298/1310 
s 2
f 867/1298/1729 1181/1622/1720 681/1112/1124 
s 1
f 1086/1521/1530 615/1046/1058 1171/1687/1620 
f 1086/1610/1530 1171/1612/1620 993/1424/1436 
f 950/1381/1393 769/1200/1212 1127/1562/1574 
f 1127/1562/1574 769/1200/1212 1125/1560/1572 
f 1213/1656/1688 1191/1632/1644 1020/1452/1463 
s 2
f 1191/1632/1675 1213/1656/1673 885/1316/1328 
s 1
f 695/1126/1138 1012/1444/1455 1019/1451/1462 
f 1019/1451/1462 1012/1444/1455 887/1318/1330 
f 945/1376/1388 651/1082/1094 650/1081/1093 
f 945/1376/1388 650/1081/1093 1074/1507/1518 
s 2
f 1059/1492/1503 1056/1489/1500 1057/1490/1501 
f 1056/1489/1500 1059/1492/1503 844/1275/1287 
f 934/1365/1377 1110/1545/1556 931/1362/1374 
f 1110/1545/1556 934/1365/1377 1026/1458/1469 
s 1
f 1125/1560/1572 723/1154/1166 1127/1562/1574 
f 723/1154/1166 1125/1560/1572 644/1075/1087 
f 1138/1575/1585 1170/1609/1619 649/1080/1092 
f 1170/1609/1619 1138/1575/1585 809/1240/1252 
f 597/1028/1040 1098/1533/1544 595/1026/1038 
f 595/1026/1038 1098/1533/1544 793/1224/1236 
f 943/1374/1386 955/1386/1398 1185/1626/1636 
f 943/1374/1386 956/1387/1399 955/1386/1398 
s 2
f 677/1108/1120 755/1186/1198 800/1231/1243 
f 642/1073/1085 677/1108/1120 800/1231/1243 
f 914/1345/1357 740/1171/1183 1005/1437/1448 
f 740/1171/1183 739/1170/1182 1005/1437/1448 
s 1
f 693/1124/1136 1019/1451/1462 824/1255/1267 
f 693/1124/1136 824/1255/1267 823/1254/1266 
s 2
f 962/1393/1405 1022/1454/1465 706/1137/1149 
f 1022/1454/1465 707/1138/1150 706/1137/1149 
f 805/1670/1248 1071/1504/1515 1008/1600/1676 
f 806/1237/1249 805/1236/1248 1008/1440/1676 
f 781/1212/1224 1027/1460/1470 779/1210/1222 
f 1027/1460/1470 781/1212/1224 760/1191/1203 
s 1
f 1227/1673/1698 1061/1494/1505 647/1078/1090 
f 1227/1673/1698 647/1078/1090 841/1272/1284 
s 2
f 1051/1484/1495 664/1095/1107 834/1265/1277 
f 664/1095/1107 1051/1484/1495 1050/1483/1494 
f 782/1213/1225 1004/1435/1447 739/1170/1182 
f 1005/1437/1448 739/1170/1182 1004/1435/1447 
f 1172/1613/1621 642/1073/1085 799/1230/1242 
f 642/1073/1085 1172/1613/1621 640/1071/1083 
f 623/1054/1066 902/1333/1345 813/1244/1256 
f 813/1244/1256 815/1246/1258 623/1054/1066 
f 1139/1576/1586 1141/1578/1588 1219/1662/1726 
f 979/1410/1718 1219/1662/1726 1141/1578/1588 
f 1091/1526/1535 698/1129/1141 942/1373/1385 
f 942/1373/1385 1209/1652/1669 1091/1526/1535 
f 701/1132/1144 1161/1599/1609 1050/1483/1494 
f 1161/1599/1609 701/1132/1144 700/1131/1143 
s 1
f 983/1414/1426 1192/1633/1645 652/1083/1095 
f 1192/1633/1645 983/1414/1426 793/1224/1236 
s 2
f 899/1330/1342 898/1329/1341 1048/1481/1492 
f 817/1248/1260 1048/1481/1492 898/1329/1341 
f 656/1087/1099 1104/1539/1550 963/1394/1406 
f 1156/1594/1604 963/1394/1406 1104/1539/1550 
f 1119/1554/1565 921/1352/1364 610/1041/1053 
f 612/1043/1055 1119/1554/1565 610/1041/1053 
s 1
f 823/1254/1266 896/1327/1339 975/1406/1418 
f 976/1407/1419 975/1406/1418 896/1327/1339 
f 754/1185/1197 872/1303/1315 752/1183/1195 
s 2
f 872/1303/1713 754/1185/1537 1096/1531/1542 
f 848/1279/1291 1237/1689/1722 846/1277/1289 
f 1237/1689/1722 848/1279/1291 914/1641/1357 
f 1167/1606/1616 758/1189/1201 1166/1605/1615 
f 760/1191/1203 1166/1605/1615 758/1189/1201 
s 1
f 948/1379/1391 1126/1561/1573 949/1380/1392 
f 1126/1561/1573 948/1379/1391 1125/1560/1572 
f 954/1385/1397 1188/1629/1639 652/1083/1095 
f 1188/1629/1639 954/1385/1397 810/1241/1253 
s 2
f 912/1343/1355 1207/1650/1667 685/1116/1128 
f 1207/1650/1667 912/1343/1355 911/1519/1354 
s 1
f 1018/1450/1461 906/1337/1349 1214/1657/1678 
f 906/1337/1349 1018/1450/1461 1017/1449/1460 
s 2
f 1217/1660/1684 697/1128/1140 818/1249/1261 
f 699/1130/1142 818/1249/1261 697/1128/1140 
s 1
f 1062/1495/1506 1061/1494/1505 1063/1496/1507 
f 970/1401/1413 1063/1496/1507 1061/1494/1505 
s 2
f 600/1031/1043 743/1174/1186 1105/1540/1551 
f 966/1397/1409 1105/1540/1551 743/1174/1186 
f 837/1268/1280 839/1270/1282 1152/1589/1600 
f 1079/1512/1523 1152/1589/1600 839/1270/1282 
s 1
f 1220/1663/1690 1081/1514/1525 748/1179/1191 
f 748/1179/1191 1041/1474/1484 1220/1663/1690 
s 2
f 1183/1624/1634 1182/1623/1633 828/1259/1271 
f 784/1215/1227 828/1259/1271 1182/1623/1633 
f 1206/1649/1666 1111/1546/1557 686/1117/1129 
f 1114/1549/1560 686/1117/1129 1111/1546/1557 
f 1221/1664/1691 1217/1660/1684 900/1331/1343 
f 818/1249/1261 900/1331/1343 1217/1660/1684 
s 1
f 1203/1646/1710 1131/1566/1578 859/1290/1302 
s 4
f 1131/1566/1664 1203/1646/1662 925/1356/1661 
s 2
f 952/1383/1395 1202/1645/1659 680/1111/1123 
f 1202/1645/1659 952/1383/1395 797/1228/1240 
f 935/1459/1378 638/1690/1081 712/1143/1155 
f 638/1069/1081 935/1366/1378 639/1070/1082 
f 743/1174/1186 661/1092/1104 966/1397/1409 
f 663/1094/1106 966/1397/1409 661/1092/1104 
f 974/1405/1417 757/1188/1200 1093/1528/1539 
f 1094/1529/1540 1093/1528/1539 757/1188/1200 
f 839/1270/1282 995/1426/1438 1079/1512/1523 
f 994/1425/1437 1079/1512/1523 995/1426/1438 
f 1216/1659/1680 1113/1548/1559 599/1030/1042 
f 742/1173/1185 599/1030/1042 1113/1548/1559 
f 711/1142/1154 1195/1636/1648 709/1140/1152 
f 1006/1682/1449 709/1140/1152 1195/1636/1648 
f 718/1149/1161 1156/1594/1604 965/1396/1408 
f 1104/1539/1550 965/1396/1408 1156/1594/1604 
f 1140/1577/1587 1181/1622/1720 980/1411/1717 
f 1141/1578/1588 1140/1577/1587 980/1411/1717 
f 1133/1568/1580 1232/1680/1705 836/1267/1279 
f 838/1269/1281 836/1267/1279 1232/1680/1705 
s 1
f 1083/1516/1527 1230/1678/1701 1081/1514/1525 
f 1230/1678/1701 1083/1516/1527 1179/1620/1630 
s 2
f 815/1246/1258 1221/1664/1691 1222/1665/1692 
f 900/1331/1343 1222/1665/1692 1221/1664/1691 
s 1
f 882/1313/1325 691/1122/1134 919/1350/1362 
f 920/1351/1363 919/1350/1362 691/1122/1134 
s 2
f 946/1377/1389 600/1031/1043 1212/1655/1672 
f 1105/1540/1551 1212/1655/1672 600/1031/1043 
f 1109/1544/1555 932/1363/1375 744/1175/1187 
f 932/1363/1375 1109/1544/1555 1090/1525/1534 
f 829/1260/1272 837/1268/1280 830/1261/1273 
f 1152/1589/1600 830/1261/1273 837/1268/1280 
f 680/1111/1123 731/1162/1174 953/1384/1396 
f 953/1384/1396 731/1162/1174 1117/1552/1563 
f 713/1144/1156 1208/1667/1668 1089/1524/1533 
f 1208/1651/1668 713/1684/1156 1206/1649/1666 
s 1
f 1039/1472/1482 678/1109/1121 643/1074/1086 
f 678/1109/1121 1039/1472/1482 722/1153/1165 
s 2
f 913/1344/1356 741/1172/1184 740/1171/1183 
f 741/1172/1184 913/1344/1356 1068/1501/1512 
f 760/1191/1203 1029/1462/1472 1027/1460/1470 
f 1029/1462/1472 760/1191/1203 759/1190/1202 
f 1052/1485/1496 833/1264/1276 1049/1482/1493 
f 897/1328/1340 1049/1482/1493 833/1264/1276 
f 724/1155/1167 1132/1567/1579 1067/1500/1511 
f 1133/1568/1580 1067/1500/1511 1132/1567/1579 
f 815/1246/1258 624/1055/1067 623/1054/1066 
f 624/1055/1067 815/1246/1258 1222/1665/1692 
f 1114/1549/1560 933/1364/1376 1112/1547/1558 
f 1090/1525/1534 1112/1547/1558 933/1364/1376 
s 1
f 1225/1669/1696 1144/1581/1591 1122/1557/1568 
f 1144/1581/1591 1225/1669/1696 1042/1475/1485 
s 2
f 1025/1457/1468 714/1145/1157 1231/1679/1704 
f 1089/1524/1533 1231/1679/1704 714/1145/1157 
f 1167/1606/1616 761/1192/1204 885/1316/1328 
f 1167/1606/1616 1143/1580/1590 761/1192/1204 
f 1228/1674/1699 763/1194/1206 762/1193/1205 
f 1228/1674/1699 762/1193/1205 1187/1628/1638 
f 845/1276/1288 1177/1618/1626 1176/1617/1625 
f 994/1425/1437 1176/1617/1625 1177/1618/1626 
f 1077/1510/1521 1078/1511/1522 616/1047/1059 
f 1078/1511/1522 1077/1510/1521 1152/1589/1600 
f 1190/1631/1641 964/1395/1407 663/1094/1106 
f 966/1397/1409 663/1094/1106 964/1395/1407 
f 618/1049/1061 611/1042/1054 616/1047/1059 
f 1077/1510/1521 616/1047/1059 611/1042/1054 
f 1137/1692/1584 1200/1643/1655 825/1256/1268 
f 1200/1643/1655 1137/1692/1584 634/1065/1077 
f 831/1262/1274 1151/1588/1599 728/1159/1171 
f 1077/1510/1521 728/1159/1171 1151/1588/1599 
f 1120/1555/1566 1190/1631/1641 917/1348/1360 
f 663/1094/1106 917/1348/1360 1190/1631/1641 
s 1
f 721/1152/1164 1082/1515/1526 690/1121/1133 
f 1082/1515/1526 721/1152/1164 878/1309/1321 
f 1044/1477/1487 788/1219/1231 804/1235/1247 
f 788/1219/1231 1044/1477/1487 1043/1476/1486 
s 2
f 874/1305/1317 875/1306/1318 1157/1595/1605 
f 717/1148/1160 1157/1595/1605 875/1306/1318 
s 1
f 1185/1626/1636 984/1415/1427 943/1374/1386 
f 984/1415/1427 1185/1626/1636 985/1416/1428 
f 1199/1640/1654 764/1195/1207 1123/1558/1570 
f 766/1197/1209 1123/1558/1570 764/1195/1207 
s 2
f 782/1213/1225 947/1378/1390 783/1214/1226 
f 1075/1508/1519 783/1214/1226 947/1378/1390 
s 1
f 824/1255/1267 1021/1453/1464 1234/1683/1709 
f 1107/1542/1642 1234/1683/1709 1021/1453/1464 
f 1236/1686/1716 648/1079/1091 1062/1495/1506 
f 648/1079/1091 1236/1686/1716 646/1077/1089 
f 688/1119/1131 1193/1634/1646 689/1120/1132 
f 1193/1634/1646 688/1119/1131 626/1057/1069 
s 2
f 1000/1431/1443 1194/1635/1647 999/1430/1442 
f 1196/1637/1649 999/1430/1442 1194/1635/1647 
f 846/1277/1289 736/1167/1179 997/1428/1440 
f 736/1167/1179 846/1277/1289 1237/1689/1722 
s 1
f 789/1220/1232 1229/1676/1700 790/1221/1233 
f 1229/1676/1700 789/1220/1232 992/1423/1435 
s 2
f 852/1283/1295 700/1131/1143 1033/1466/1476 
f 700/1131/1143 852/1283/1295 1161/1599/1609 
f 1224/1668/1695 851/1282/1294 916/1347/1359 
f 851/1282/1294 1224/1668/1695 849/1280/1292 
f 1223/1666/1694 847/1278/1290 996/1427/1439 
f 847/1278/1290 1223/1666/1694 911/1342/1354 
s 1
f 887/1318/1330 1020/1452/1463 1019/1451/1462 
f 1020/1452/1463 887/1318/1330 1213/1656/1688 
s 2
f 1034/1467/1477 1036/1469/1479 711/1142/1154 
f 1195/1636/1648 711/1142/1154 1036/1469/1479 
f 915/1346/1358 1031/1464/1474 816/1247/1259 
f 817/1248/1260 816/1247/1259 1031/1464/1474 
# 0 polygons - 1273 triangles

